,Institute,Academic Program Name,Quota,Seat Type,Gender,Opening Rank,Closing Rank,Year
0,Indian Institute  of Technology Bhubaneswar,"Civil Engineering (4 Years, Bachelor of Technology)",AI,OPEN,Gender-Neutral,10922,16156,2025
1,Indian Institute  of Technology Bhubaneswar,"Civil Engineering (4 Years, Bachelor of Technology)",AI,OPEN,Female-only (including Supernumerary),19820,23960,2025
2,Indian Institute  of Technology Bhubaneswar,"Computer Science and Engineering (4 Years, Bachelor of Technology)",AI,OPEN,Gender-Neutral,2344,4162,2025
3,Indian Institute  of Technology Bhubaneswar,"Computer Science and Engineering (4 Years, Bachelor of Technology)",AI,OPEN,Female-only (including Supernumerary),4082,6467,2025
4,Indian Institute  of Technology Bhubaneswar,"Electrical Engineering (4 Years, Bachelor of Technology)",AI,OPEN,Gender-Neutral,5974,8165,2025
5,Indian Institute  of Technology Bhubaneswar,"Electrical Engineering (4 Years, Bachelor of Technology)",AI,OPEN,Female-only (including Supernumerary),13141,16009,2025
6,Indian Institute  of Technology Bhubaneswar,"Electronics and Communication Engineering (4 Years, Bachelor of Technology)",AI,OPEN,Gender-Neutral,3873,5885,2025
7,Indian Institute  of Technology Bhubaneswar,"Electronics and Communication Engineering (4 Years, Bachelor of Technology)",AI,OPEN,Female-only (including Supernumerary),8993,10965,2025
8,Indian Institute  of Technology Bhubaneswar,"Engineering Physics (4 Years, Bachelor of Technology)",AI,OPEN,Gender-Neutral,9525,12466,2025
9,Indian Institute  of Technology Bhubaneswar,"Engineering Physics (4 Years, Bachelor of Technology)",AI,OPEN,Female-only (including Supernumerary),21659,22403,2025
10,Indian Institute  of Technology Bhubaneswar,"Mathematics and Computing (4 Years, Bachelor of Technology)",AI,OPEN,Gender-Neutral,4174,4708,2025
11,Indian Institute  of Technology Bhubaneswar,"Mathematics and Computing (4 Years, Bachelor of Technology)",AI,OPEN,Female-only (including Supernumerary),7679,8804,2025
12,Indian Institute  of Technology Bhubaneswar,"Mechanical Engineering (4 Years, Bachelor of Technology)",AI,OPEN,Gender-Neutral,7759,11678,2025
13,Indian Institute  of Technology Bhubaneswar,"Mechanical Engineering (4 Years, Bachelor of Technology)",AI,OPEN,Female-only (including Supernumerary),17144,20366,2025
14,Indian Institute  of Technology Bhubaneswar,"Metallurgical and Materials Engineering (4 Years, Bachelor of Technology)",AI,OPEN,Gender-Neutral,11591,16268,2025
15,Indian Institute  of Technology Bhubaneswar,"Metallurgical and Materials Engineering (4 Years, Bachelor of Technology)",AI,OPEN,Female-only (including Supernumerary),21631,22981,2025
16,Indian Institute  of Technology Bombay,"Aerospace Engineering (4 Years, Bachelor of Technology)",AI,OPEN,Gender-Neutral,1195,2361,2025
17,Indian Institute  of Technology Bombay,"Aerospace Engineering (4 Years, Bachelor of Technology)",AI,OPEN,Female-only (including Supernumerary),4812,5994,2025
18,Indian Institute  of Technology Bombay,"Applied Geophysics (4 Years, Bachelor of Science)",AI,OPEN,Gender-Neutral,6087,8343,2025
19,Indian Institute  of Technology Bombay,"Applied Geophysics (4 Years, Bachelor of Science)",AI,OPEN,Female-only (including Supernumerary),13688,13761,2025
20,Indian Institute  of Technology Bombay,"BS in Mathematics (4 Years, Bachelor of Science)",AI,OPEN,Gender-Neutral,753,1067,2025
21,Indian Institute  of Technology Bombay,"BS in Mathematics (4 Years, Bachelor of Science)",AI,OPEN,Female-only (including Supernumerary),3432,3432,2025
22,Indian Institute  of Technology Bombay,"Chemical Engineering (4 Years, Bachelor of Technology)",AI,OPEN,Gender-Neutral,601,2464,2025
23,Indian Institute  of Technology Bombay,"Chemical Engineering (4 Years, Bachelor of Technology)",AI,OPEN,Female-only (including Supernumerary),4813,5969,2025
24,Indian Institute  of Technology Bombay,"Chemistry (4 Years, Bachelor of Science)",AI,OPEN,Gender-Neutral,3133,7228,2025
25,Indian Institute  of Technology Bombay,"Chemistry (4 Years, Bachelor of Science)",AI,OPEN,Female-only (including Supernumerary),9368,10435,2025
26,Indian Institute  of Technology Bombay,"Civil Engineering (4 Years, Bachelor of Technology)",AI,OPEN,Gender-Neutral,2666,4250,2025
27,Indian Institute  of Technology Bombay,"Civil Engineering (4 Years, Bachelor of Technology)",AI,OPEN,Female-only (including Supernumerary),6085,8597,2025
28,Indian Institute  of Technology Bombay,"Computer Science and Engineering (4 Years, Bachelor of Technology)",AI,OPEN,Gender-Neutral,1,66,2025
29,Indian Institute  of Technology Bombay,"Computer Science and Engineering (4 Years, Bachelor of Technology)",AI,OPEN,Female-only (including Supernumerary),29,369,2025
30,Indian Institute  of Technology Bombay,"Economics (4 Years, Bachelor of Science)",AI,OPEN,Gender-Neutral,1531,2372,2025
31,Indian Institute  of Technology Bombay,"Economics (4 Years, Bachelor of Science)",AI,OPEN,Female-only (including Supernumerary),3744,4928,2025
32,Indian Institute  of Technology Bombay,"Electrical Engineering (4 Years, Bachelor of Technology)",AI,OPEN,Gender-Neutral,106,433,2025
33,Indian Institute  of Technology Bombay,"Electrical Engineering (4 Years, Bachelor of Technology)",AI,OPEN,Female-only (including Supernumerary),779,1914,2025
34,Indian Institute  of Technology Bombay,"Electrical Engineering (5 Years, Bachelor and Master of Technology (Dual Degree))",AI,OPEN,Gender-Neutral,470,841,2025
35,Indian Institute  of Technology Bombay,"Electrical Engineering (5 Years, Bachelor and Master of Technology (Dual Degree))",AI,OPEN,Female-only (including Supernumerary),2219,3274,2025
36,Indian Institute  of Technology Bombay,"Energy Engineering (4 Years, Bachelor of Technology)",AI,OPEN,Gender-Neutral,1810,2584,2025
37,Indian Institute  of Technology Bombay,"Energy Engineering (4 Years, Bachelor of Technology)",AI,OPEN,Female-only (including Supernumerary),4087,6136,2025
38,Indian Institute  of Technology Bombay,"Engineering Physics (4 Years, Bachelor of Technology)",AI,OPEN,Gender-Neutral,122,1539,2025
39,Indian Institute  of Technology Bombay,"Engineering Physics (4 Years, Bachelor of Technology)",AI,OPEN,Female-only (including Supernumerary),3126,5593,2025
40,Indian Institute  of Technology Bombay,"Environmental Science and Engineering (4 Years, Bachelor of Technology)",AI,OPEN,Gender-Neutral,3143,4777,2025
41,Indian Institute  of Technology Bombay,"Environmental Science and Engineering (4 Years, Bachelor of Technology)",AI,OPEN,Female-only (including Supernumerary),8026,8925,2025
42,Indian Institute  of Technology Bombay,"Industrial Engineering and Operations Research (4 Years, Bachelor of Technology)",AI,OPEN,Gender-Neutral,264,1273,2025
43,Indian Institute  of Technology Bombay,"Industrial Engineering and Operations Research (4 Years, Bachelor of Technology)",AI,OPEN,Female-only (including Supernumerary),2669,3012,2025
44,Indian Institute  of Technology Bombay,"Mechanical Engineering (4 Years, Bachelor of Technology)",AI,OPEN,Gender-Neutral,490,1834,2025
45,Indian Institute  of Technology Bombay,"Mechanical Engineering (4 Years, Bachelor of Technology)",AI,OPEN,Female-only (including Supernumerary),2816,4693,2025
46,Indian Institute  of Technology Bombay,"Metallurgical Engineering and Materials Science (4 Years, Bachelor of Technology)",AI,OPEN,Gender-Neutral,2712,4345,2025
47,Indian Institute  of Technology Bombay,"Metallurgical Engineering and Materials Science (4 Years, Bachelor of Technology)",AI,OPEN,Female-only (including Supernumerary),6628,8075,2025
48,Indian Institute  of Technology Mandi,"B.Tech in General Engineering (4 Years, Bachelor of Technology)",AI,OPEN,Gender-Neutral,8480,11034,2025
49,Indian Institute  of Technology Mandi,"B.Tech in General Engineering (4 Years, Bachelor of Technology)",AI,OPEN,Female-only (including Supernumerary),16970,17710,2025
50,Indian Institute  of Technology Mandi,"B.Tech in Materials Science and Engineering (4 Years, Bachelor of Technology)",AI,OPEN,Gender-Neutral,12260,14368,2025
51,Indian Institute  of Technology Mandi,"B.Tech in Materials Science and Engineering (4 Years, Bachelor of Technology)",AI,OPEN,Female-only (including Supernumerary),23443,23642,2025
52,Indian Institute  of Technology Mandi,"B.Tech in Mathematics and Computing (4 Years, Bachelor of Technology)",AI,OPEN,Gender-Neutral,3945,4285,2025
53,Indian Institute  of Technology Mandi,"B.Tech in Mathematics and Computing (4 Years, Bachelor of Technology)",AI,OPEN,Female-only (including Supernumerary),9721,9846,2025
54,Indian Institute  of Technology Mandi,"B.Tech in Microelectronics & VLSI (4 Years, Bachelor of Technology)",AI,OPEN,Gender-Neutral,4593,6166,2025
55,Indian Institute  of Technology Mandi,"B.Tech in Microelectronics & VLSI (4 Years, Bachelor of Technology)",AI,OPEN,Female-only (including Supernumerary),11355,12496,2025
56,Indian Institute  of Technology Mandi,"Bio Engineering (4 Years, Bachelor of Technology)",AI,OPEN,Gender-Neutral,12646,14879,2025
57,Indian Institute  of Technology Mandi,"Bio Engineering (4 Years, Bachelor of Technology)",AI,OPEN,Female-only (including Supernumerary),24904,25194,2025
58,Indian Institute  of Technology Mandi,"BS in Chemical Sciences (4 Years, Bachelor of Science)",AI,OPEN,Gender-Neutral,13425,17491,2025
59,Indian Institute  of Technology Mandi,"BS in Chemical Sciences (4 Years, Bachelor of Science)",AI,OPEN,Female-only (including Supernumerary),25305,26718,2025
60,Indian Institute  of Technology Mandi,"Civil Engineering (4 Years, Bachelor of Technology)",AI,OPEN,Gender-Neutral,10954,14274,2025
61,Indian Institute  of Technology Mandi,"Civil Engineering (4 Years, Bachelor of Technology)",AI,OPEN,Female-only (including Supernumerary),21169,23543,2025
62,Indian Institute  of Technology Mandi,"Computer Science and Engineering (4 Years, Bachelor of Technology)",AI,OPEN,Gender-Neutral,2096,3123,2025
63,Indian Institute  of Technology Mandi,"Computer Science and Engineering (4 Years, Bachelor of Technology)",AI,OPEN,Female-only (including Supernumerary),6922,7997,2025
64,Indian Institute  of Technology Mandi,"Data Science and Artificial Intelligence (4 Years, Bachelor of Technology)",AI,OPEN,Gender-Neutral,3221,3928,2025
65,Indian Institute  of Technology Mandi,"Data Science and Artificial Intelligence (4 Years, Bachelor of Technology)",AI,OPEN,Female-only (including Supernumerary),8476,9741,2025
66,Indian Institute  of Technology Mandi,"Electrical Engineering (4 Years, Bachelor of Technology)",AI,OPEN,Gender-Neutral,5136,7590,2025
67,Indian Institute  of Technology Mandi,"Electrical Engineering (4 Years, Bachelor of Technology)",AI,OPEN,Female-only (including Supernumerary),11244,14984,2025
68,Indian Institute  of Technology Mandi,"Engineering Physics (4 Years, Bachelor of Technology)",AI,OPEN,Gender-Neutral,8831,12110,2025
69,Indian Institute  of Technology Mandi,"Engineering Physics (4 Years, Bachelor of Technology)",AI,OPEN,Female-only (including Supernumerary),19108,20778,2025
70,Indian Institute  of Technology Mandi,"Mechanical Engineering (4 Years, Bachelor of Technology)",AI,OPEN,Gender-Neutral,8023,10267,2025
71,Indian Institute  of Technology Mandi,"Mechanical Engineering (4 Years, Bachelor of Technology)",AI,OPEN,Female-only (including Supernumerary),17438,20608,2025
72,Indian Institute  of Technology Delhi,"Abu Dhabi Campus - Chemical Engineering (4 Years, Bachelor of Technology)",AI,OPEN,Gender-Neutral,5200,5712,2025
73,Indian Institute  of Technology Delhi,"Abu Dhabi Campus - Chemical Engineering (4 Years, Bachelor of Technology)",AI,OPEN,Female-only (including Supernumerary),11520,11520,2025
74,Indian Institute  of Technology Delhi,"Abu Dhabi Campus - Computer Science and Engineering (4 Years, Bachelor of Technology)",AI,OPEN,Gender-Neutral,1291,1761,2025
75,Indian Institute  of Technology Delhi,"Abu Dhabi Campus - Computer Science and Engineering (4 Years, Bachelor of Technology)",AI,OPEN,Female-only (including Supernumerary),6480,6480,2025
76,Indian Institute  of Technology Delhi,"Abu Dhabi Campus - Energy Engineering (4 Years, Bachelor of Technology)",AI,OPEN,Gender-Neutral,4661,5590,2025
77,Indian Institute  of Technology Delhi,"Abu Dhabi Campus - Energy Engineering (4 Years, Bachelor of Technology)",AI,OPEN,Female-only (including Supernumerary),8973,8973,2025
78,Indian Institute  of Technology Delhi,"Biotechnology and Biochemical Engineering (4 Years, Bachelor of Technology)",AI,OPEN,Gender-Neutral,3147,4999,2025
79,Indian Institute  of Technology Delhi,"Biotechnology and Biochemical Engineering (4 Years, Bachelor of Technology)",AI,OPEN,Female-only (including Supernumerary),6350,8927,2025
80,Indian Institute  of Technology Delhi,"Chemical Engineering (4 Years, Bachelor of Technology)",AI,OPEN,Gender-Neutral,1904,2548,2025
81,Indian Institute  of Technology Delhi,"Chemical Engineering (4 Years, Bachelor of Technology)",AI,OPEN,Female-only (including Supernumerary),5287,5968,2025
82,Indian Institute  of Technology Delhi,"Chemical Engineering (5 Years, Bachelor and Master of Technology (Dual Degree))",AI,OPEN,Gender-Neutral,2581,3454,2025
83,Indian Institute  of Technology Delhi,"Chemical Engineering (5 Years, Bachelor and Master of Technology (Dual Degree))",AI,OPEN,Female-only (including Supernumerary),6826,7561,2025
84,Indian Institute  of Technology Delhi,"Chemistry (4 Years, Bachelor of Science)",AI,OPEN,Gender-Neutral,6267,8528,2025
85,Indian Institute  of Technology Delhi,"Chemistry (4 Years, Bachelor of Science)",AI,OPEN,Female-only (including Supernumerary),11389,16980,2025
86,Indian Institute  of Technology Delhi,"Civil Engineering (4 Years, Bachelor of Technology)",AI,OPEN,Gender-Neutral,3244,4302,2025
87,Indian Institute  of Technology Delhi,"Civil Engineering (4 Years, Bachelor of Technology)",AI,OPEN,Female-only (including Supernumerary),3660,9193,2025
88,Indian Institute  of Technology Delhi,"Computer Science and Engineering (4 Years, Bachelor of Technology)",AI,OPEN,Gender-Neutral,24,126,2025
89,Indian Institute  of Technology Delhi,"Computer Science and Engineering (4 Years, Bachelor of Technology)",AI,OPEN,Female-only (including Supernumerary),376,498,2025
90,Indian Institute  of Technology Delhi,"Computer Science and Engineering (5 Years, Bachelor and Master of Technology (Dual Degree))",AI,OPEN,Gender-Neutral,134,186,2025
91,Indian Institute  of Technology Delhi,"Computer Science and Engineering (5 Years, Bachelor and Master of Technology (Dual Degree))",AI,OPEN,Female-only (including Supernumerary),560,996,2025
92,Indian Institute  of Technology Delhi,"Design (4 Years, Bachelor of Technology)",AI,OPEN,Gender-Neutral,7813,12217,2025
93,Indian Institute  of Technology Delhi,"Design (4 Years, Bachelor of Technology)",AI,OPEN,Female-only (including Supernumerary),16045,23166,2025
94,Indian Institute  of Technology Delhi,"Electrical Engineering (4 Years, Bachelor of Technology)",AI,OPEN,Gender-Neutral,365,605,2025
95,Indian Institute  of Technology Delhi,"Electrical Engineering (4 Years, Bachelor of Technology)",AI,OPEN,Female-only (including Supernumerary),1617,2627,2025
96,Indian Institute  of Technology Delhi,"Electrical Engineering (Power and Automation) (4 Years, Bachelor of Technology)",AI,OPEN,Gender-Neutral,612,823,2025
97,Indian Institute  of Technology Delhi,"Electrical Engineering (Power and Automation) (4 Years, Bachelor of Technology)",AI,OPEN,Female-only (including Supernumerary),2789,2886,2025
98,Indian Institute  of Technology Delhi,"Energy Engineering (4 Years, Bachelor of Technology)",AI,OPEN,Gender-Neutral,1868,2668,2025
99,Indian Institute  of Technology Delhi,"Energy Engineering (4 Years, Bachelor of Technology)",AI,OPEN,Female-only (including Supernumerary),3645,6315,2025
100,Indian Institute  of Technology Delhi,"Engineering and Computational Mechanics (4 Years, Bachelor of Technology)",AI,OPEN,Gender-Neutral,858,1103,2025
101,Indian Institute  of Technology Delhi,"Engineering and Computational Mechanics (4 Years, Bachelor of Technology)",AI,OPEN,Female-only (including Supernumerary),3041,3918,2025
102,Indian Institute  of Technology Delhi,"Engineering Physics (4 Years, Bachelor of Technology)",AI,OPEN,Gender-Neutral,1393,2565,2025
103,Indian Institute  of Technology Delhi,"Engineering Physics (4 Years, Bachelor of Technology)",AI,OPEN,Female-only (including Supernumerary),4457,6755,2025
104,Indian Institute  of Technology Delhi,"Materials Engineering (4 Years, Bachelor of Technology)",AI,OPEN,Gender-Neutral,2499,3736,2025
105,Indian Institute  of Technology Delhi,"Materials Engineering (4 Years, Bachelor of Technology)",AI,OPEN,Female-only (including Supernumerary),7895,9060,2025
106,Indian Institute  of Technology Delhi,"Mathematics and Computing (4 Years, Bachelor of Technology)",AI,OPEN,Gender-Neutral,157,323,2025
107,Indian Institute  of Technology Delhi,"Mathematics and Computing (4 Years, Bachelor of Technology)",AI,OPEN,Female-only (including Supernumerary),743,1234,2025
108,Indian Institute  of Technology Delhi,"Mathematics and Computing (5 Years, Bachelor and Master of Technology (Dual Degree))",AI,OPEN,Gender-Neutral,325,355,2025
109,Indian Institute  of Technology Delhi,"Mathematics and Computing (5 Years, Bachelor and Master of Technology (Dual Degree))",AI,OPEN,Female-only (including Supernumerary),1447,2258,2025
110,Indian Institute  of Technology Delhi,"Mechanical Engineering (4 Years, Bachelor of Technology)",AI,OPEN,Gender-Neutral,1156,1862,2025
111,Indian Institute  of Technology Delhi,"Mechanical Engineering (4 Years, Bachelor of Technology)",AI,OPEN,Female-only (including Supernumerary),4074,5178,2025
112,Indian Institute  of Technology Delhi,"Production and Industrial Engineering (4 Years, Bachelor of Technology)",AI,OPEN,Gender-Neutral,1988,3223,2025
113,Indian Institute  of Technology Delhi,"Production and Industrial Engineering (4 Years, Bachelor of Technology)",AI,OPEN,Female-only (including Supernumerary),6903,7617,2025
114,Indian Institute  of Technology Delhi,"Textile Technology (4 Years, Bachelor of Technology)",AI,OPEN,Gender-Neutral,5015,5733,2025
115,Indian Institute  of Technology Delhi,"Textile Technology (4 Years, Bachelor of Technology)",AI,OPEN,Female-only (including Supernumerary),9841,11158,2025
116,Indian Institute  of Technology Indore,"Chemical Engineering (4 Years, Bachelor of Technology)",AI,OPEN,Gender-Neutral,7246,8824,2025
117,Indian Institute  of Technology Indore,"Chemical Engineering (4 Years, Bachelor of Technology)",AI,OPEN,Female-only (including Supernumerary),12689,16373,2025
118,Indian Institute  of Technology Indore,"Civil Engineering (4 Years, Bachelor of Technology)",AI,OPEN,Gender-Neutral,9004,10641,2025
119,Indian Institute  of Technology Indore,"Civil Engineering (4 Years, Bachelor of Technology)",AI,OPEN,Female-only (including Supernumerary),16727,17630,2025
120,Indian Institute  of Technology Indore,"Computer Science and Engineering (4 Years, Bachelor of Technology)",AI,OPEN,Gender-Neutral,952,1775,2025
121,Indian Institute  of Technology Indore,"Computer Science and Engineering (4 Years, Bachelor of Technology)",AI,OPEN,Female-only (including Supernumerary),2695,3922,2025
122,Indian Institute  of Technology Indore,"Electrical Engineering (4 Years, Bachelor of Technology)",AI,OPEN,Gender-Neutral,2390,3723,2025
123,Indian Institute  of Technology Indore,"Electrical Engineering (4 Years, Bachelor of Technology)",AI,OPEN,Female-only (including Supernumerary),6403,8044,2025
124,Indian Institute  of Technology Indore,"Engineering Physics (4 Years, Bachelor of Technology)",AI,OPEN,Gender-Neutral,5236,8299,2025
125,Indian Institute  of Technology Indore,"Engineering Physics (4 Years, Bachelor of Technology)",AI,OPEN,Female-only (including Supernumerary),14114,16848,2025
126,Indian Institute  of Technology Indore,"Mathematics and Computing (4 Years, Bachelor of Technology)",AI,OPEN,Gender-Neutral,1751,2099,2025
127,Indian Institute  of Technology Indore,"Mathematics and Computing (4 Years, Bachelor of Technology)",AI,OPEN,Female-only (including Supernumerary),4271,5553,2025
128,Indian Institute  of Technology Indore,"Mechanical Engineering (4 Years, Bachelor of Technology)",AI,OPEN,Gender-Neutral,4522,7545,2025
129,Indian Institute  of Technology Indore,"Mechanical Engineering (4 Years, Bachelor of Technology)",AI,OPEN,Female-only (including Supernumerary),12528,16482,2025
130,Indian Institute  of Technology Indore,"Metallurgical Engineering and Materials Science (4 Years, Bachelor of Technology)",AI,OPEN,Gender-Neutral,8439,11274,2025
131,Indian Institute  of Technology Indore,"Metallurgical Engineering and Materials Science (4 Years, Bachelor of Technology)",AI,OPEN,Female-only (including Supernumerary),20322,22422,2025
132,Indian Institute  of Technology Indore,"Space Science and Engineering (4 Years, Bachelor of Technology)",AI,OPEN,Gender-Neutral,5679,7419,2025
133,Indian Institute  of Technology Indore,"Space Science and Engineering (4 Years, Bachelor of Technology)",AI,OPEN,Female-only (including Supernumerary),13917,13924,2025
134,Indian Institute  of Technology Kharagpur,"Aerospace Engineering (4 Years, Bachelor of Technology)",AI,OPEN,Gender-Neutral,3830,4872,2025
135,Indian Institute  of Technology Kharagpur,"Aerospace Engineering (4 Years, Bachelor of Technology)",AI,OPEN,Female-only (including Supernumerary),10128,12034,2025
136,Indian Institute  of Technology Kharagpur,"Agricultural and Food Engineering (4 Years, Bachelor of Technology)",AI,OPEN,Gender-Neutral,6545,11111,2025
137,Indian Institute  of Technology Kharagpur,"Agricultural and Food Engineering (4 Years, Bachelor of Technology)",AI,OPEN,Female-only (including Supernumerary),17306,19074,2025
138,Indian Institute  of Technology Kharagpur,"Applied Geology (4 Years, Bachelor of Science)",AI,OPEN,Gender-Neutral,11734,13685,2025
139,Indian Institute  of Technology Kharagpur,"Applied Geology (4 Years, Bachelor of Science)",AI,OPEN,Female-only (including Supernumerary),20949,21618,2025
140,Indian Institute  of Technology Kharagpur,"Architecture  (5 Years, Bachelor of Architecture)",AI,OPEN,Gender-Neutral,9970,19141,2025
141,Indian Institute  of Technology Kharagpur,"Architecture  (5 Years, Bachelor of Architecture)",AI,OPEN,Female-only (including Supernumerary),19716,24124,2025
142,Indian Institute  of Technology Kharagpur,"Artificial Intelligence (4 Years, Bachelor of Technology)",AI,OPEN,Gender-Neutral,461,953,2025
143,Indian Institute  of Technology Kharagpur,"Artificial Intelligence (4 Years, Bachelor of Technology)",AI,OPEN,Female-only (including Supernumerary),2901,3194,2025
144,Indian Institute  of Technology Kharagpur,"Biotechnology and Biochemical Engineering (4 Years, Bachelor of Technology)",AI,OPEN,Gender-Neutral,6774,9224,2025
145,Indian Institute  of Technology Kharagpur,"Biotechnology and Biochemical Engineering (4 Years, Bachelor of Technology)",AI,OPEN,Female-only (including Supernumerary),7274,14841,2025
146,Indian Institute  of Technology Kharagpur,"Chemical Engineering (4 Years, Bachelor of Technology)",AI,OPEN,Gender-Neutral,4379,5222,2025
147,Indian Institute  of Technology Kharagpur,"Chemical Engineering (4 Years, Bachelor of Technology)",AI,OPEN,Female-only (including Supernumerary),7574,11358,2025
148,Indian Institute  of Technology Kharagpur,"Chemistry (4 Years, Bachelor of Science)",AI,OPEN,Gender-Neutral,11214,12321,2025
149,Indian Institute  of Technology Kharagpur,"Chemistry (4 Years, Bachelor of Science)",AI,OPEN,Female-only (including Supernumerary),20022,21532,2025
150,Indian Institute  of Technology Kharagpur,"Civil Engineering (4 Years, Bachelor of Technology)",AI,OPEN,Gender-Neutral,6188,7774,2025
151,Indian Institute  of Technology Kharagpur,"Civil Engineering (4 Years, Bachelor of Technology)",AI,OPEN,Female-only (including Supernumerary),13875,15272,2025
152,Indian Institute  of Technology Kharagpur,"Computer Science and Engineering (4 Years, Bachelor of Technology)",AI,OPEN,Gender-Neutral,238,466,2025
153,Indian Institute  of Technology Kharagpur,"Computer Science and Engineering (4 Years, Bachelor of Technology)",AI,OPEN,Female-only (including Supernumerary),1202,1908,2025
154,Indian Institute  of Technology Kharagpur,"Economics (4 Years, Bachelor of Science)",AI,OPEN,Gender-Neutral,3681,6063,2025
155,Indian Institute  of Technology Kharagpur,"Economics (4 Years, Bachelor of Science)",AI,OPEN,Female-only (including Supernumerary),10113,12877,2025
156,Indian Institute  of Technology Kharagpur,"Electrical Engineering (4 Years, Bachelor of Technology)",AI,OPEN,Gender-Neutral,1492,1985,2025
157,Indian Institute  of Technology Kharagpur,"Electrical Engineering (4 Years, Bachelor of Technology)",AI,OPEN,Female-only (including Supernumerary),4721,5393,2025
158,Indian Institute  of Technology Kharagpur,"Electronics and Electrical Communication Engineering (4 Years, Bachelor of Technology)",AI,OPEN,Gender-Neutral,419,1485,2025
159,Indian Institute  of Technology Kharagpur,"Electronics and Electrical Communication Engineering (4 Years, Bachelor of Technology)",AI,OPEN,Female-only (including Supernumerary),3229,4734,2025
160,Indian Institute  of Technology Kharagpur,"Exploration Geophysics (4 Years, Bachelor of Science)",AI,OPEN,Gender-Neutral,11359,12443,2025
161,Indian Institute  of Technology Kharagpur,"Exploration Geophysics (4 Years, Bachelor of Science)",AI,OPEN,Female-only (including Supernumerary),19766,20854,2025
162,Indian Institute  of Technology Kharagpur,"Industrial and Systems Engineering (4 Years, Bachelor of Technology)",AI,OPEN,Gender-Neutral,2873,4329,2025
163,Indian Institute  of Technology Kharagpur,"Industrial and Systems Engineering (4 Years, Bachelor of Technology)",AI,OPEN,Female-only (including Supernumerary),9189,10288,2025
164,Indian Institute  of Technology Kharagpur,"Instrumentation Engineering (4 Years, Bachelor of Technology)",AI,OPEN,Gender-Neutral,2077,2741,2025
165,Indian Institute  of Technology Kharagpur,"Instrumentation Engineering (4 Years, Bachelor of Technology)",AI,OPEN,Female-only (including Supernumerary),6076,7896,2025
166,Indian Institute  of Technology Kharagpur,"Manufacturing Science and Engineering (4 Years, Bachelor of Technology)",AI,OPEN,Gender-Neutral,5124,6547,2025
167,Indian Institute  of Technology Kharagpur,"Manufacturing Science and Engineering (4 Years, Bachelor of Technology)",AI,OPEN,Female-only (including Supernumerary),12718,14070,2025
168,Indian Institute  of Technology Kharagpur,"Mathematics and Computing (4 Years, Bachelor of Science)",AI,OPEN,Gender-Neutral,519,1336,2025
169,Indian Institute  of Technology Kharagpur,"Mathematics and Computing (4 Years, Bachelor of Science)",AI,OPEN,Female-only (including Supernumerary),3754,4563,2025
170,Indian Institute  of Technology Kharagpur,"Mechanical Engineering (4 Years, Bachelor of Technology)",AI,OPEN,Gender-Neutral,2773,4016,2025
171,Indian Institute  of Technology Kharagpur,"Mechanical Engineering (4 Years, Bachelor of Technology)",AI,OPEN,Female-only (including Supernumerary),7605,10333,2025
172,Indian Institute  of Technology Kharagpur,"Metallurgical and Materials Engineering (4 Years, Bachelor of Technology)",AI,OPEN,Gender-Neutral,5552,7708,2025
173,Indian Institute  of Technology Kharagpur,"Metallurgical and Materials Engineering (4 Years, Bachelor of Technology)",AI,OPEN,Female-only (including Supernumerary),13680,15297,2025
174,Indian Institute  of Technology Kharagpur,"Mining Engineering  (4 Years, Bachelor of Technology)",AI,OPEN,Gender-Neutral,7833,10765,2025
175,Indian Institute  of Technology Kharagpur,"Mining Engineering  (4 Years, Bachelor of Technology)",AI,OPEN,Female-only (including Supernumerary),17757,20249,2025
176,Indian Institute  of Technology Kharagpur,"Ocean Engineering and Naval Architecture (4 Years, Bachelor of Technology)",AI,OPEN,Gender-Neutral,7465,10074,2025
177,Indian Institute  of Technology Kharagpur,"Ocean Engineering and Naval Architecture (4 Years, Bachelor of Technology)",AI,OPEN,Female-only (including Supernumerary),15779,17428,2025
178,Indian Institute  of Technology Kharagpur,"Physics (4 Years, Bachelor of Science)",AI,OPEN,Gender-Neutral,7367,10939,2025
179,Indian Institute  of Technology Kharagpur,"Physics (4 Years, Bachelor of Science)",AI,OPEN,Female-only (including Supernumerary),19589,20982,2025
180,Indian Institute  of Technology Hyderabad,"Artificial Intelligence (4 Years, Bachelor of Technology)",AI,OPEN,Gender-Neutral,690,861,2025
181,Indian Institute  of Technology Hyderabad,"Artificial Intelligence (4 Years, Bachelor of Technology)",AI,OPEN,Female-only (including Supernumerary),2160,2515,2025
182,Indian Institute  of Technology Hyderabad,"Biomedical Engineering (4 Years, Bachelor of Technology)",AI,OPEN,Gender-Neutral,4950,8376,2025
183,Indian Institute  of Technology Hyderabad,"Biomedical Engineering (4 Years, Bachelor of Technology)",AI,OPEN,Female-only (including Supernumerary),13324,15443,2025
184,Indian Institute  of Technology Hyderabad,"Biotechnology and Bioinformatics (4 Years, Bachelor of Technology)",AI,OPEN,Gender-Neutral,5421,9378,2025
185,Indian Institute  of Technology Hyderabad,"Biotechnology and Bioinformatics (4 Years, Bachelor of Technology)",AI,OPEN,Female-only (including Supernumerary),10909,12925,2025
186,Indian Institute  of Technology Hyderabad,"Chemical Engineering (4 Years, Bachelor of Technology)",AI,OPEN,Gender-Neutral,4432,5756,2025
187,Indian Institute  of Technology Hyderabad,"Chemical Engineering (4 Years, Bachelor of Technology)",AI,OPEN,Female-only (including Supernumerary),10003,11874,2025
188,Indian Institute  of Technology Hyderabad,"Civil Engineering (4 Years, Bachelor of Technology)",AI,OPEN,Gender-Neutral,5850,8698,2025
189,Indian Institute  of Technology Hyderabad,"Civil Engineering (4 Years, Bachelor of Technology)",AI,OPEN,Female-only (including Supernumerary),12330,15160,2025
190,Indian Institute  of Technology Hyderabad,"Computational Engineering (4 Years, Bachelor of Technology)",AI,OPEN,Gender-Neutral,1368,1866,2025
191,Indian Institute  of Technology Hyderabad,"Computational Engineering (4 Years, Bachelor of Technology)",AI,OPEN,Female-only (including Supernumerary),4136,4712,2025
192,Indian Institute  of Technology Hyderabad,"Computer Science and Engineering (4 Years, Bachelor of Technology)",AI,OPEN,Gender-Neutral,339,673,2025
193,Indian Institute  of Technology Hyderabad,"Computer Science and Engineering (4 Years, Bachelor of Technology)",AI,OPEN,Female-only (including Supernumerary),1294,2121,2025
194,Indian Institute  of Technology Hyderabad,"Electrical Engineering (4 Years, Bachelor of Technology)",AI,OPEN,Gender-Neutral,848,1900,2025
195,Indian Institute  of Technology Hyderabad,"Electrical Engineering (4 Years, Bachelor of Technology)",AI,OPEN,Female-only (including Supernumerary),3584,4295,2025
196,Indian Institute  of Technology Hyderabad,"Electrical Engineering (IC Design and Technology) (4 Years, Bachelor of Technology)",AI,OPEN,Gender-Neutral,1644,1895,2025
197,Indian Institute  of Technology Hyderabad,"Electrical Engineering (IC Design and Technology) (4 Years, Bachelor of Technology)",AI,OPEN,Female-only (including Supernumerary),3778,4071,2025
198,Indian Institute  of Technology Hyderabad,"Engineering Physics (4 Years, Bachelor of Technology)",AI,OPEN,Gender-Neutral,3332,4686,2025
199,Indian Institute  of Technology Hyderabad,"Engineering Physics (4 Years, Bachelor of Technology)",AI,OPEN,Female-only (including Supernumerary),7216,9760,2025
200,Indian Institute  of Technology Hyderabad,"Engineering Science (4 Years, Bachelor of Technology)",AI,OPEN,Gender-Neutral,2225,3272,2025
201,Indian Institute  of Technology Hyderabad,"Engineering Science (4 Years, Bachelor of Technology)",AI,OPEN,Female-only (including Supernumerary),5901,6682,2025
202,Indian Institute  of Technology Hyderabad,"Industrial Chemistry (4 Years, Bachelor of Technology)",AI,OPEN,Gender-Neutral,7757,10043,2025
203,Indian Institute  of Technology Hyderabad,"Industrial Chemistry (4 Years, Bachelor of Technology)",AI,OPEN,Female-only (including Supernumerary),15962,16983,2025
204,Indian Institute  of Technology Hyderabad,"Materials Science and Metallurgical Engineering (4 Years, Bachelor of Technology)",AI,OPEN,Gender-Neutral,6084,7604,2025
205,Indian Institute  of Technology Hyderabad,"Materials Science and Metallurgical Engineering (4 Years, Bachelor of Technology)",AI,OPEN,Female-only (including Supernumerary),10359,15504,2025
206,Indian Institute  of Technology Hyderabad,"Mathematics and Computing (4 Years, Bachelor of Technology)",AI,OPEN,Gender-Neutral,771,1015,2025
207,Indian Institute  of Technology Hyderabad,"Mathematics and Computing (4 Years, Bachelor of Technology)",AI,OPEN,Female-only (including Supernumerary),2700,2758,2025
208,Indian Institute  of Technology Hyderabad,"Mechanical Engineering (4 Years, Bachelor of Technology)",AI,OPEN,Gender-Neutral,2837,4443,2025
209,Indian Institute  of Technology Hyderabad,"Mechanical Engineering (4 Years, Bachelor of Technology)",AI,OPEN,Female-only (including Supernumerary),6897,9524,2025
210,Indian Institute  of Technology Jodhpur,"Artificial Intelligence and Data Science (4 Years, Bachelor of Technology)",AI,OPEN,Gender-Neutral,3049,4212,2025
211,Indian Institute  of Technology Jodhpur,"Artificial Intelligence and Data Science (4 Years, Bachelor of Technology)",AI,OPEN,Female-only (including Supernumerary),7277,8705,2025
212,Indian Institute  of Technology Jodhpur,"Bio Engineering (4 Years, Bachelor of Technology)",AI,OPEN,Gender-Neutral,13106,15278,2025
213,Indian Institute  of Technology Jodhpur,"Bio Engineering (4 Years, Bachelor of Technology)",AI,OPEN,Female-only (including Supernumerary),16749,22651,2025
214,Indian Institute  of Technology Jodhpur,"Chemical Engineering (4 Years, Bachelor of Technology)",AI,OPEN,Gender-Neutral,9595,11626,2025
215,Indian Institute  of Technology Jodhpur,"Chemical Engineering (4 Years, Bachelor of Technology)",AI,OPEN,Female-only (including Supernumerary),18850,19522,2025
216,Indian Institute  of Technology Jodhpur,"Chemistry with Specialization (4 Years, Bachelor of Science)",AI,OPEN,Gender-Neutral,14939,18310,2025
217,Indian Institute  of Technology Jodhpur,"Chemistry with Specialization (4 Years, Bachelor of Science)",AI,OPEN,Female-only (including Supernumerary),25547,26039,2025
218,Indian Institute  of Technology Jodhpur,"Civil and Infrastructure Engineering (4 Years, Bachelor of Technology)",AI,OPEN,Gender-Neutral,11662,14301,2025
219,Indian Institute  of Technology Jodhpur,"Civil and Infrastructure Engineering (4 Years, Bachelor of Technology)",AI,OPEN,Female-only (including Supernumerary),18920,22812,2025
220,Indian Institute  of Technology Jodhpur,"Computer Science and Engineering (4 Years, Bachelor of Technology)",AI,OPEN,Gender-Neutral,2269,2918,2025
221,Indian Institute  of Technology Jodhpur,"Computer Science and Engineering (4 Years, Bachelor of Technology)",AI,OPEN,Female-only (including Supernumerary),5959,7224,2025
222,Indian Institute  of Technology Jodhpur,"Electrical Engineering (4 Years, Bachelor of Technology)",AI,OPEN,Gender-Neutral,5270,6824,2025
223,Indian Institute  of Technology Jodhpur,"Electrical Engineering (4 Years, Bachelor of Technology)",AI,OPEN,Female-only (including Supernumerary),9375,14511,2025
224,Indian Institute  of Technology Jodhpur,"Electronics Engineering (4 Years, Bachelor of Technology)",AI,OPEN,Gender-Neutral,4392,6228,2025
225,Indian Institute  of Technology Jodhpur,"Electronics Engineering (4 Years, Bachelor of Technology)",AI,OPEN,Female-only (including Supernumerary),10250,14160,2025
226,Indian Institute  of Technology Jodhpur,"Materials Engineering (4 Years, Bachelor of Technology)",AI,OPEN,Gender-Neutral,11659,15034,2025
227,Indian Institute  of Technology Jodhpur,"Materials Engineering (4 Years, Bachelor of Technology)",AI,OPEN,Female-only (including Supernumerary),20897,24170,2025
228,Indian Institute  of Technology Jodhpur,"Mechanical Engineering (4 Years, Bachelor of Technology)",AI,OPEN,Gender-Neutral,7550,9569,2025
229,Indian Institute  of Technology Jodhpur,"Mechanical Engineering (4 Years, Bachelor of Technology)",AI,OPEN,Female-only (including Supernumerary),17068,18647,2025
230,Indian Institute  of Technology Jodhpur,"Physics with Specialization (4 Years, Bachelor of Science)",AI,OPEN,Gender-Neutral,11193,15185,2025
231,Indian Institute  of Technology Jodhpur,"Physics with Specialization (4 Years, Bachelor of Science)",AI,OPEN,Female-only (including Supernumerary),23924,25502,2025
232,Indian Institute  of Technology Kanpur,"Aerospace Engineering (4 Years, Bachelor of Technology)",AI,OPEN,Gender-Neutral,1973,3805,2025
233,Indian Institute  of Technology Kanpur,"Aerospace Engineering (4 Years, Bachelor of Technology)",AI,OPEN,Female-only (including Supernumerary),6160,9292,2025
234,Indian Institute  of Technology Kanpur,"Biological Sciences and Bioengineering (4 Years, Bachelor of Technology)",AI,OPEN,Gender-Neutral,3559,7105,2025
235,Indian Institute  of Technology Kanpur,"Biological Sciences and Bioengineering (4 Years, Bachelor of Technology)",AI,OPEN,Female-only (including Supernumerary),10629,14717,2025
236,Indian Institute  of Technology Kanpur,"Chemical Engineering (4 Years, Bachelor of Technology)",AI,OPEN,Gender-Neutral,2785,4280,2025
237,Indian Institute  of Technology Kanpur,"Chemical Engineering (4 Years, Bachelor of Technology)",AI,OPEN,Female-only (including Supernumerary),7856,8902,2025
238,Indian Institute  of Technology Kanpur,"Chemistry (4 Years, Bachelor of Science)",AI,OPEN,Gender-Neutral,8553,10482,2025
239,Indian Institute  of Technology Kanpur,"Chemistry (4 Years, Bachelor of Science)",AI,OPEN,Female-only (including Supernumerary),11132,18410,2025
240,Indian Institute  of Technology Kanpur,"Civil Engineering (4 Years, Bachelor of Technology)",AI,OPEN,Gender-Neutral,4361,6161,2025
241,Indian Institute  of Technology Kanpur,"Civil Engineering (4 Years, Bachelor of Technology)",AI,OPEN,Female-only (including Supernumerary),9442,13558,2025
242,Indian Institute  of Technology Kanpur,"Computer Science and Engineering (4 Years, Bachelor of Technology)",AI,OPEN,Gender-Neutral,147,271,2025
243,Indian Institute  of Technology Kanpur,"Computer Science and Engineering (4 Years, Bachelor of Technology)",AI,OPEN,Female-only (including Supernumerary),507,1109,2025
244,Indian Institute  of Technology Kanpur,"Earth Sciences (4 Years, Bachelor of Science)",AI,OPEN,Gender-Neutral,8158,10108,2025
245,Indian Institute  of Technology Kanpur,"Earth Sciences (4 Years, Bachelor of Science)",AI,OPEN,Female-only (including Supernumerary),17777,20264,2025
246,Indian Institute  of Technology Kanpur,"Economics (4 Years, Bachelor of Science)",AI,OPEN,Gender-Neutral,2625,3310,2025
247,Indian Institute  of Technology Kanpur,"Economics (4 Years, Bachelor of Science)",AI,OPEN,Female-only (including Supernumerary),3719,5472,2025
248,Indian Institute  of Technology Kanpur,"Electrical Engineering (4 Years, Bachelor of Technology)",AI,OPEN,Gender-Neutral,798,1146,2025
249,Indian Institute  of Technology Kanpur,"Electrical Engineering (4 Years, Bachelor of Technology)",AI,OPEN,Female-only (including Supernumerary),2222,4142,2025
250,Indian Institute  of Technology Kanpur,"Materials Science and Engineering (4 Years, Bachelor of Technology)",AI,OPEN,Gender-Neutral,4862,6337,2025
251,Indian Institute  of Technology Kanpur,"Materials Science and Engineering (4 Years, Bachelor of Technology)",AI,OPEN,Female-only (including Supernumerary),9394,13556,2025
252,Indian Institute  of Technology Kanpur,"Mathematics and Scientific Computing (4 Years, Bachelor of Science)",AI,OPEN,Gender-Neutral,593,1179,2025
253,Indian Institute  of Technology Kanpur,"Mathematics and Scientific Computing (4 Years, Bachelor of Science)",AI,OPEN,Female-only (including Supernumerary),3219,4094,2025
254,Indian Institute  of Technology Kanpur,"Mechanical Engineering (4 Years, Bachelor of Technology)",AI,OPEN,Gender-Neutral,1589,2771,2025
255,Indian Institute  of Technology Kanpur,"Mechanical Engineering (4 Years, Bachelor of Technology)",AI,OPEN,Female-only (including Supernumerary),5199,7379,2025
256,Indian Institute  of Technology Kanpur,"Physics (4 Years, Bachelor of Science)",AI,OPEN,Gender-Neutral,3255,5691,2025
257,Indian Institute  of Technology Kanpur,"Physics (4 Years, Bachelor of Science)",AI,OPEN,Female-only (including Supernumerary),15543,17413,2025
258,Indian Institute  of Technology Kanpur,"Statistics and Data Science (4 Years, Bachelor of Science)",AI,OPEN,Gender-Neutral,878,1270,2025
259,Indian Institute  of Technology Kanpur,"Statistics and Data Science (4 Years, Bachelor of Science)",AI,OPEN,Female-only (including Supernumerary),2677,3966,2025
260,Indian Institute  of Technology Madras,"Aerospace Engineering (4 Years, Bachelor of Technology)",AI,OPEN,Gender-Neutral,662,3211,2025
261,Indian Institute  of Technology Madras,"Aerospace Engineering (4 Years, Bachelor of Technology)",AI,OPEN,Female-only (including Supernumerary),4535,5512,2025
262,Indian Institute  of Technology Madras,"Aerospace Engineering (5 Years, Bachelor and Master of Technology (Dual Degree))",AI,OPEN,Gender-Neutral,2304,2808,2025
263,Indian Institute  of Technology Madras,"Aerospace Engineering (5 Years, Bachelor and Master of Technology (Dual Degree))",AI,OPEN,Female-only (including Supernumerary),16,16,2025
264,Indian Institute  of Technology Madras,"Artificial Intelligence and Data Analytics (4 Years, Bachelor of Technology)",AI,OPEN,Gender-Neutral,102,306,2025
265,Indian Institute  of Technology Madras,"Artificial Intelligence and Data Analytics (4 Years, Bachelor of Technology)",AI,OPEN,Female-only (including Supernumerary),778,1140,2025
266,Indian Institute  of Technology Madras,"Biological Engineering (4 Years, Bachelor of Technology)",AI,OPEN,Gender-Neutral,4097,5261,2025
267,Indian Institute  of Technology Madras,"Biological Engineering (4 Years, Bachelor of Technology)",AI,OPEN,Female-only (including Supernumerary),7509,8978,2025
268,Indian Institute  of Technology Madras,"Biological Science (4 Years, Bachelor of Science)",AI,OPEN,Gender-Neutral,3268,10290,2025
269,Indian Institute  of Technology Madras,"Biological Science (4 Years, Bachelor of Science)",AI,OPEN,Female-only (including Supernumerary),8718,15727,2025
270,Indian Institute  of Technology Madras,"Chemical Engineering (4 Years, Bachelor of Technology)",AI,OPEN,Gender-Neutral,2634,4116,2025
271,Indian Institute  of Technology Madras,"Chemical Engineering (4 Years, Bachelor of Technology)",AI,OPEN,Female-only (including Supernumerary),3252,7546,2025
272,Indian Institute  of Technology Madras,"Civil Engineering (4 Years, Bachelor of Technology)",AI,OPEN,Gender-Neutral,4356,6112,2025
273,Indian Institute  of Technology Madras,"Civil Engineering (4 Years, Bachelor of Technology)",AI,OPEN,Female-only (including Supernumerary),8877,11902,2025
274,Indian Institute  of Technology Madras,"Computational Engineering and Mechanics (4 Years, Bachelor of Technology)",AI,OPEN,Gender-Neutral,597,1309,2025
275,Indian Institute  of Technology Madras,"Computational Engineering and Mechanics (4 Years, Bachelor of Technology)",AI,OPEN,Female-only (including Supernumerary),4035,4564,2025
276,Indian Institute  of Technology Madras,"Computer Science and Engineering (4 Years, Bachelor of Technology)",AI,OPEN,Gender-Neutral,79,171,2025
277,Indian Institute  of Technology Madras,"Computer Science and Engineering (4 Years, Bachelor of Technology)",AI,OPEN,Female-only (including Supernumerary),389,866,2025
278,Indian Institute  of Technology Madras,"Electrical Engineering (4 Years, Bachelor of Technology)",AI,OPEN,Gender-Neutral,205,849,2025
279,Indian Institute  of Technology Madras,"Electrical Engineering (4 Years, Bachelor of Technology)",AI,OPEN,Female-only (including Supernumerary),958,2848,2025
280,Indian Institute  of Technology Madras,"Engineering Design (5 Years, Bachelor and Master of Technology (Dual Degree))",AI,OPEN,Gender-Neutral,816,3380,2025
281,Indian Institute  of Technology Madras,"Engineering Design (5 Years, Bachelor and Master of Technology (Dual Degree))",AI,OPEN,Female-only (including Supernumerary),4903,7751,2025
282,Indian Institute  of Technology Madras,"Engineering Physics (4 Years, Bachelor of Technology)",AI,OPEN,Gender-Neutral,872,1441,2025
283,Indian Institute  of Technology Madras,"Engineering Physics (4 Years, Bachelor of Technology)",AI,OPEN,Female-only (including Supernumerary),2907,4367,2025
284,Indian Institute  of Technology Madras,"Instrumentation and Biomedical Engineering (4 Years, Bachelor of Technology)",AI,OPEN,Gender-Neutral,2733,4366,2025
285,Indian Institute  of Technology Madras,"Instrumentation and Biomedical Engineering (4 Years, Bachelor of Technology)",AI,OPEN,Female-only (including Supernumerary),5888,7756,2025
286,Indian Institute  of Technology Madras,"Mechanical Engineering (4 Years, Bachelor of Technology)",AI,OPEN,Gender-Neutral,868,2468,2025
287,Indian Institute  of Technology Madras,"Mechanical Engineering (4 Years, Bachelor of Technology)",AI,OPEN,Female-only (including Supernumerary),5027,6369,2025
288,Indian Institute  of Technology Madras,"Metallurgical and Materials Engineering (4 Years, Bachelor of Technology)",AI,OPEN,Gender-Neutral,4369,5499,2025
289,Indian Institute  of Technology Madras,"Metallurgical and Materials Engineering (4 Years, Bachelor of Technology)",AI,OPEN,Female-only (including Supernumerary),9357,11404,2025
290,Indian Institute  of Technology Madras,"Naval Architecture and Ocean Engineering (4 Years, Bachelor of Technology)",AI,OPEN,Gender-Neutral,4908,7433,2025
291,Indian Institute  of Technology Madras,"Naval Architecture and Ocean Engineering (4 Years, Bachelor of Technology)",AI,OPEN,Female-only (including Supernumerary),12655,14878,2025
292,Indian Institute  of Technology Madras,"Physics (4 Years, Bachelor of Science)",AI,OPEN,Gender-Neutral,1642,3804,2025
293,Indian Institute  of Technology Madras,"Physics (4 Years, Bachelor of Science)",AI,OPEN,Female-only (including Supernumerary),14665,15596,2025
294,Indian Institute  of Technology Gandhinagar,"Artificial Intelligence (4 Years, Bachelor of Technology)",AI,OPEN,Gender-Neutral,1822,2236,2025
295,Indian Institute  of Technology Gandhinagar,"Artificial Intelligence (4 Years, Bachelor of Technology)",AI,OPEN,Female-only (including Supernumerary),4941,5962,2025
296,Indian Institute  of Technology Gandhinagar,"Chemical Engineering (4 Years, Bachelor of Technology)",AI,OPEN,Gender-Neutral,6852,9276,2025
297,Indian Institute  of Technology Gandhinagar,"Chemical Engineering (4 Years, Bachelor of Technology)",AI,OPEN,Female-only (including Supernumerary),13566,16100,2025
298,Indian Institute  of Technology Gandhinagar,"Civil Engineering (4 Years, Bachelor of Technology)",AI,OPEN,Gender-Neutral,9310,10796,2025
299,Indian Institute  of Technology Gandhinagar,"Civil Engineering (4 Years, Bachelor of Technology)",AI,OPEN,Female-only (including Supernumerary),15658,17377,2025
300,Indian Institute  of Technology Gandhinagar,"Computer Science and Engineering (4 Years, Bachelor of Technology)",AI,OPEN,Gender-Neutral,905,2020,2025
301,Indian Institute  of Technology Gandhinagar,"Computer Science and Engineering (4 Years, Bachelor of Technology)",AI,OPEN,Female-only (including Supernumerary),3718,4811,2025
302,Indian Institute  of Technology Gandhinagar,"Electrical Engineering (4 Years, Bachelor of Technology)",AI,OPEN,Gender-Neutral,2282,3931,2025
303,Indian Institute  of Technology Gandhinagar,"Electrical Engineering (4 Years, Bachelor of Technology)",AI,OPEN,Female-only (including Supernumerary),8345,9923,2025
304,Indian Institute  of Technology Gandhinagar,"Integrated Circuit Design & Technology (4 Years, Bachelor of Technology)",AI,OPEN,Gender-Neutral,2295,4652,2025
305,Indian Institute  of Technology Gandhinagar,"Integrated Circuit Design & Technology (4 Years, Bachelor of Technology)",AI,OPEN,Female-only (including Supernumerary),6639,6999,2025
306,Indian Institute  of Technology Gandhinagar,"Materials Engineering (4 Years, Bachelor of Technology)",AI,OPEN,Gender-Neutral,7239,11066,2025
307,Indian Institute  of Technology Gandhinagar,"Materials Engineering (4 Years, Bachelor of Technology)",AI,OPEN,Female-only (including Supernumerary),17494,19655,2025
308,Indian Institute  of Technology Gandhinagar,"Mechanical Engineering (4 Years, Bachelor of Technology)",AI,OPEN,Gender-Neutral,4409,6904,2025
309,Indian Institute  of Technology Gandhinagar,"Mechanical Engineering (4 Years, Bachelor of Technology)",AI,OPEN,Female-only (including Supernumerary),12719,14147,2025
310,Indian Institute  of Technology Patna,"Artificial Intelligence and Data Science (4 Years, Bachelor of Technology)",AI,OPEN,Gender-Neutral,3490,4312,2025
311,Indian Institute  of Technology Patna,"Artificial Intelligence and Data Science (4 Years, Bachelor of Technology)",AI,OPEN,Female-only (including Supernumerary),9306,9951,2025
312,Indian Institute  of Technology Patna,"B. Tech in CE. - M. Tech.  in Geotechnical Engineering (5 Years, B.Tech. + M.Tech./MS (Dual Degree))",AI,OPEN,Gender-Neutral,16406,16815,2025
313,Indian Institute  of Technology Patna,"B. Tech in CE. - M. Tech.  in Geotechnical Engineering (5 Years, B.Tech. + M.Tech./MS (Dual Degree))",AI,OPEN,Female-only (including Supernumerary),22945,22945,2025
314,Indian Institute  of Technology Patna,"B. Tech in CE. - M. Tech.  in Structural Engineering (5 Years, B.Tech. + M.Tech./MS (Dual Degree))",AI,OPEN,Gender-Neutral,14157,15381,2025
315,Indian Institute  of Technology Patna,"B. Tech in CE. - M. Tech.  in Structural Engineering (5 Years, B.Tech. + M.Tech./MS (Dual Degree))",AI,OPEN,Female-only (including Supernumerary),22524,22524,2025
316,Indian Institute  of Technology Patna,"B. Tech. (CSE) and M.Tech in CSE (5 Years, B.Tech. + M.Tech./MS (Dual Degree))",AI,OPEN,Gender-Neutral,3514,4323,2025
317,Indian Institute  of Technology Patna,"B. Tech. (CSE) and M.Tech in CSE (5 Years, B.Tech. + M.Tech./MS (Dual Degree))",AI,OPEN,Female-only (including Supernumerary),10148,10148,2025
318,Indian Institute  of Technology Patna,"B. Tech. (ECE) -M. Tech. in VLSI (5 Years, B.Tech. + M.Tech./MS (Dual Degree))",AI,OPEN,Gender-Neutral,6383,7742,2025
319,Indian Institute  of Technology Patna,"B. Tech. (ECE) -M. Tech. in VLSI (5 Years, B.Tech. + M.Tech./MS (Dual Degree))",AI,OPEN,Female-only (including Supernumerary),13773,13773,2025
320,Indian Institute  of Technology Patna,"B. Tech. (EEE)-M. Tech. in (Power &. Control) (5 Years, B.Tech. + M.Tech./MS (Dual Degree))",AI,OPEN,Gender-Neutral,7854,8283,2025
321,Indian Institute  of Technology Patna,"B. Tech. (EEE)-M. Tech. in (Power &. Control) (5 Years, B.Tech. + M.Tech./MS (Dual Degree))",AI,OPEN,Female-only (including Supernumerary),17829,17829,2025
322,Indian Institute  of Technology Patna,"B. Tech. (Mathematics & Computing) M. Tech. in (Mathematics & Computing) (5 Years, B.Tech. + M.Tech./MS (Dual Degree))",AI,OPEN,Gender-Neutral,5073,5266,2025
323,Indian Institute  of Technology Patna,"B. Tech. (Mathematics & Computing) M. Tech. in (Mathematics & Computing) (5 Years, B.Tech. + M.Tech./MS (Dual Degree))",AI,OPEN,Female-only (including Supernumerary),12215,12215,2025
324,Indian Institute  of Technology Patna,"B. Tech. (ME) - M. Tech. in Mechatronics (5 Years, B.Tech. + M.Tech./MS (Dual Degree))",AI,OPEN,Gender-Neutral,7903,10153,2025
325,Indian Institute  of Technology Patna,"B. Tech. (ME) - M. Tech. in Mechatronics (5 Years, B.Tech. + M.Tech./MS (Dual Degree))",AI,OPEN,Female-only (including Supernumerary),19865,19865,2025
326,Indian Institute  of Technology Patna,"B.Tech (Artificial Intelligence and Data Science) - MBA in Digital Business Management (IIM Bodh Gaya) (5 Years, Bachelor of Technology and MBA (Dual Degree))",AI,OPEN,Gender-Neutral,4406,4679,2025
327,Indian Institute  of Technology Patna,"B.Tech (Chemical Engineering) - MBA in Hospital and Health Care Management (IIM Bodh Gaya) (5 Years, Bachelor of Technology and MBA (Dual Degree))",AI,OPEN,Gender-Neutral,14749,15010,2025
328,Indian Institute  of Technology Patna,"B.Tech (Chemical Science and Technology) - MBA in Hospital and Health Care Management (IIM Bodh Gaya) (5 Years, Bachelor of Technology and MBA (Dual Degree))",AI,OPEN,Gender-Neutral,15042,16163,2025
329,Indian Institute  of Technology Patna,"B.Tech (Chemical Science and Technology) - MBA in Hospital and Health Care Management (IIM Bodh Gaya) (5 Years, Bachelor of Technology and MBA (Dual Degree))",AI,OPEN,Female-only (including Supernumerary),25549,25549,2025
330,Indian Institute  of Technology Patna,"B.Tech (Civil Engineering) - MBA (IIM Bodh Gaya) (5 Years, Bachelor of Technology and MBA (Dual Degree))",AI,OPEN,Gender-Neutral,13577,15570,2025
331,Indian Institute  of Technology Patna,"B.Tech (Computer Science and Engineering) - MBA in Digital Business Management (IIM Bodh Gaya) (5 Years, Bachelor of Technology and MBA (Dual Degree))",AI,OPEN,Gender-Neutral,4297,4297,2025
332,Indian Institute  of Technology Patna,"B.Tech (Computer Science and Engineering) - MBA in Digital Business Management (IIM Bodh Gaya) (5 Years, Bachelor of Technology and MBA (Dual Degree))",AI,OPEN,Female-only (including Supernumerary),10748,10748,2025
333,Indian Institute  of Technology Patna,"B.Tech (Electrical and Electronics Engineering) - MBA (IIM Bodh Gaya) (5 Years, Bachelor of Technology and MBA (Dual Degree))",AI,OPEN,Gender-Neutral,6111,8351,2025
334,Indian Institute  of Technology Patna,"B.Tech (Electrical and Electronics Engineering) - MBA (IIM Bodh Gaya) (5 Years, Bachelor of Technology and MBA (Dual Degree))",AI,OPEN,Female-only (including Supernumerary),16806,16806,2025
335,Indian Institute  of Technology Patna,"B.Tech (Electronics and Communication Engineering) - MBA in Hospital and Healthcare Management (IIM Bodh Gaya) (5 Years, Bachelor of Technology and MBA (Dual Degree))",AI,OPEN,Gender-Neutral,7880,8739,2025
336,Indian Institute  of Technology Patna,"B.Tech (Electronics and Communication Engineering) - MBA in Hospital and Healthcare Management (IIM Bodh Gaya) (5 Years, Bachelor of Technology and MBA (Dual Degree))",AI,OPEN,Female-only (including Supernumerary),19678,19678,2025
337,Indian Institute  of Technology Patna,"B.Tech (Engineering Physics) - MBA (IIM Bodh Gaya) (5 Years, Bachelor of Technology and MBA (Dual Degree))",AI,OPEN,Gender-Neutral,12992,12995,2025
338,Indian Institute  of Technology Patna,"B.Tech (Mathematics and Computing) - MBA in Digital Business Management (IIM Bodh Gaya) (5 Years, Bachelor of Technology and MBA (Dual Degree))",AI,OPEN,Gender-Neutral,5020,5192,2025
339,Indian Institute  of Technology Patna,"B.Tech (Mechanical Engineering) - MBA (IIM Mumbai) (5 Years, Bachelor of Technology and MBA (Dual Degree))",AI,OPEN,Gender-Neutral,9062,9708,2025
340,Indian Institute  of Technology Patna,"B.Tech (Mechanical Engineering) - MBA (IIM Mumbai) (5 Years, Bachelor of Technology and MBA (Dual Degree))",AI,OPEN,Female-only (including Supernumerary),16780,17194,2025
341,Indian Institute  of Technology Patna,"B.Tech (Metallurgical and Materials Engineering) - MBA (IIM Bodh Gaya) (5 Years, Bachelor of Technology and MBA (Dual Degree))",AI,OPEN,Gender-Neutral,15577,16042,2025
342,Indian Institute  of Technology Patna,"B.Tech (Metallurgical and Materials Engineering) - MBA (IIM Bodh Gaya) (5 Years, Bachelor of Technology and MBA (Dual Degree))",AI,OPEN,Female-only (including Supernumerary),26073,26073,2025
343,Indian Institute  of Technology Patna,"B.Tech. in Electronics and Communication Engineering and M.Tech. in Communication Systems (5 Years, Bachelor and Master of Technology (Dual Degree))",AI,OPEN,Gender-Neutral,6305,7786,2025
344,Indian Institute  of Technology Patna,"B.Tech. in Electronics and Communication Engineering and M.Tech. in Communication Systems (5 Years, Bachelor and Master of Technology (Dual Degree))",AI,OPEN,Female-only (including Supernumerary),14622,14622,2025
345,Indian Institute  of Technology Patna,"BS in Economics with MBA (IIM Bodh Gaya) (5 Years, Bachelor of Science and MBA (Dual Degree))",AI,OPEN,Gender-Neutral,10729,13325,2025
346,Indian Institute  of Technology Patna,"Chemical Engineering (4 Years, Bachelor of Technology)",AI,OPEN,Gender-Neutral,11304,13715,2025
347,Indian Institute  of Technology Patna,"Chemical Engineering (4 Years, Bachelor of Technology)",AI,OPEN,Female-only (including Supernumerary),20437,22069,2025
348,Indian Institute  of Technology Patna,"Chemical Science and Technology (4 Years, Bachelor of Technology)",AI,OPEN,Gender-Neutral,13449,15406,2025
349,Indian Institute  of Technology Patna,"Chemical Science and Technology (4 Years, Bachelor of Technology)",AI,OPEN,Female-only (including Supernumerary),22540,23357,2025
350,Indian Institute  of Technology Patna,"Civil Engineering (4 Years, Bachelor of Technology)",AI,OPEN,Gender-Neutral,12605,15400,2025
351,Indian Institute  of Technology Patna,"Civil Engineering (4 Years, Bachelor of Technology)",AI,OPEN,Female-only (including Supernumerary),22067,24896,2025
352,Indian Institute  of Technology Patna,"Computer Science and Engineering (4 Years, Bachelor of Technology)",AI,OPEN,Gender-Neutral,1954,3377,2025
353,Indian Institute  of Technology Patna,"Computer Science and Engineering (4 Years, Bachelor of Technology)",AI,OPEN,Female-only (including Supernumerary),7383,9042,2025
354,Indian Institute  of Technology Patna,"Economics (4 Years, Bachelor of Science)",AI,OPEN,Gender-Neutral,7598,13720,2025
355,Indian Institute  of Technology Patna,"Economics (4 Years, Bachelor of Science)",AI,OPEN,Female-only (including Supernumerary),21182,22870,2025
356,Indian Institute  of Technology Patna,"Electrical and Electronics Engineering (4 Years, Bachelor of Technology)",AI,OPEN,Gender-Neutral,6177,7502,2025
357,Indian Institute  of Technology Patna,"Electrical and Electronics Engineering (4 Years, Bachelor of Technology)",AI,OPEN,Female-only (including Supernumerary),14374,15804,2025
358,Indian Institute  of Technology Patna,"Electronics and Communication Engineering (4 Years, Bachelor of Technology)",AI,OPEN,Gender-Neutral,4803,6167,2025
359,Indian Institute  of Technology Patna,"Electronics and Communication Engineering (4 Years, Bachelor of Technology)",AI,OPEN,Female-only (including Supernumerary),10634,13073,2025
360,Indian Institute  of Technology Patna,"Engineering Physics (4 Years, Bachelor of Technology)",AI,OPEN,Gender-Neutral,11060,12986,2025
361,Indian Institute  of Technology Patna,"Engineering Physics (4 Years, Bachelor of Technology)",AI,OPEN,Female-only (including Supernumerary),21075,22305,2025
362,Indian Institute  of Technology Patna,"Mathematics and Computing (4 Years, Bachelor of Technology)",AI,OPEN,Gender-Neutral,3854,4851,2025
363,Indian Institute  of Technology Patna,"Mathematics and Computing (4 Years, Bachelor of Technology)",AI,OPEN,Female-only (including Supernumerary),10136,11670,2025
364,Indian Institute  of Technology Patna,"Mechanical Engineering (4 Years, Bachelor of Technology)",AI,OPEN,Gender-Neutral,8588,11758,2025
365,Indian Institute  of Technology Patna,"Mechanical Engineering (4 Years, Bachelor of Technology)",AI,OPEN,Female-only (including Supernumerary),19717,21621,2025
366,Indian Institute  of Technology Patna,"Metallurgical and Materials Engineering (4 Years, Bachelor of Technology)",AI,OPEN,Gender-Neutral,13771,16510,2025
367,Indian Institute  of Technology Patna,"Metallurgical and Materials Engineering (4 Years, Bachelor of Technology)",AI,OPEN,Female-only (including Supernumerary),24221,25605,2025
368,Indian Institute  of Technology Roorkee,"Architecture  (5 Years, Bachelor of Architecture)",AI,OPEN,Gender-Neutral,12842,17665,2025
369,Indian Institute  of Technology Roorkee,"Architecture  (5 Years, Bachelor of Architecture)",AI,OPEN,Female-only (including Supernumerary),4770,9462,2025
370,Indian Institute  of Technology Roorkee,"Biosciences and Bioengineering (4 Years, Bachelor of Technology)",AI,OPEN,Gender-Neutral,752,8159,2025
371,Indian Institute  of Technology Roorkee,"Biosciences and Bioengineering (4 Years, Bachelor of Technology)",AI,OPEN,Female-only (including Supernumerary),12357,15307,2025
372,Indian Institute  of Technology Roorkee,"Chemical Engineering (4 Years, Bachelor of Technology)",AI,OPEN,Gender-Neutral,3428,4816,2025
373,Indian Institute  of Technology Roorkee,"Chemical Engineering (4 Years, Bachelor of Technology)",AI,OPEN,Female-only (including Supernumerary),7632,10475,2025
374,Indian Institute  of Technology Roorkee,"Chemical Sciences (5 Years, Bachelor of Science and Master of Science (Dual Degree))",AI,OPEN,Gender-Neutral,9374,11130,2025
375,Indian Institute  of Technology Roorkee,"Chemical Sciences (5 Years, Bachelor of Science and Master of Science (Dual Degree))",AI,OPEN,Female-only (including Supernumerary),17372,20185,2025
376,Indian Institute  of Technology Roorkee,"Civil Engineering (4 Years, Bachelor of Technology)",AI,OPEN,Gender-Neutral,5247,6870,2025
377,Indian Institute  of Technology Roorkee,"Civil Engineering (4 Years, Bachelor of Technology)",AI,OPEN,Female-only (including Supernumerary),11654,14131,2025
378,Indian Institute  of Technology Roorkee,"Computer Science and Engineering (4 Years, Bachelor of Technology)",AI,OPEN,Gender-Neutral,275,592,2025
379,Indian Institute  of Technology Roorkee,"Computer Science and Engineering (4 Years, Bachelor of Technology)",AI,OPEN,Female-only (including Supernumerary),1331,2047,2025
380,Indian Institute  of Technology Roorkee,"Data Science and Artificial Intelligence (4 Years, Bachelor of Technology)",AI,OPEN,Gender-Neutral,564,845,2025
381,Indian Institute  of Technology Roorkee,"Data Science and Artificial Intelligence (4 Years, Bachelor of Technology)",AI,OPEN,Female-only (including Supernumerary),2267,2591,2025
382,Indian Institute  of Technology Roorkee,"Economics (5 Years, Bachelor of Science and Master of Science (Dual Degree))",AI,OPEN,Gender-Neutral,3876,5938,2025
383,Indian Institute  of Technology Roorkee,"Economics (5 Years, Bachelor of Science and Master of Science (Dual Degree))",AI,OPEN,Female-only (including Supernumerary),6937,9905,2025
384,Indian Institute  of Technology Roorkee,"Electrical Engineering (4 Years, Bachelor of Technology)",AI,OPEN,Gender-Neutral,1254,2091,2025
385,Indian Institute  of Technology Roorkee,"Electrical Engineering (4 Years, Bachelor of Technology)",AI,OPEN,Female-only (including Supernumerary),4916,5892,2025
386,Indian Institute  of Technology Roorkee,"Electronics and Communication Engineering (4 Years, Bachelor of Technology)",AI,OPEN,Gender-Neutral,1048,1486,2025
387,Indian Institute  of Technology Roorkee,"Electronics and Communication Engineering (4 Years, Bachelor of Technology)",AI,OPEN,Female-only (including Supernumerary),3077,4788,2025
388,Indian Institute  of Technology Roorkee,"Energy Engineering (4 Years, Bachelor of Technology)",AI,OPEN,Gender-Neutral,3321,4761,2025
389,Indian Institute  of Technology Roorkee,"Energy Engineering (4 Years, Bachelor of Technology)",AI,OPEN,Female-only (including Supernumerary),8350,8350,2025
390,Indian Institute  of Technology Roorkee,"Engineering Physics (4 Years, Bachelor of Technology)",AI,OPEN,Gender-Neutral,2633,4544,2025
391,Indian Institute  of Technology Roorkee,"Engineering Physics (4 Years, Bachelor of Technology)",AI,OPEN,Female-only (including Supernumerary),8120,11032,2025
392,Indian Institute  of Technology Roorkee,"Geological Technology (5 Years, Integrated Master of Technology)",AI,OPEN,Gender-Neutral,8661,10016,2025
393,Indian Institute  of Technology Roorkee,"Geological Technology (5 Years, Integrated Master of Technology)",AI,OPEN,Female-only (including Supernumerary),17925,18509,2025
394,Indian Institute  of Technology Roorkee,"Geophysical Technology (5 Years, Integrated Master of Technology)",AI,OPEN,Gender-Neutral,6428,8870,2025
395,Indian Institute  of Technology Roorkee,"Geophysical Technology (5 Years, Integrated Master of Technology)",AI,OPEN,Female-only (including Supernumerary),15223,20831,2025
396,Indian Institute  of Technology Roorkee,"Mathematics & Computing (5 Years, Bachelor of Science and Master of Science (Dual Degree))",AI,OPEN,Gender-Neutral,1158,1513,2025
397,Indian Institute  of Technology Roorkee,"Mathematics & Computing (5 Years, Bachelor of Science and Master of Science (Dual Degree))",AI,OPEN,Female-only (including Supernumerary),4378,4953,2025
398,Indian Institute  of Technology Roorkee,"Mechanical Engineering (4 Years, Bachelor of Technology)",AI,OPEN,Gender-Neutral,2155,3897,2025
399,Indian Institute  of Technology Roorkee,"Mechanical Engineering (4 Years, Bachelor of Technology)",AI,OPEN,Female-only (including Supernumerary),6626,10445,2025
400,Indian Institute  of Technology Roorkee,"Metallurgical and Materials Engineering (4 Years, Bachelor of Technology)",AI,OPEN,Gender-Neutral,6280,7341,2025
401,Indian Institute  of Technology Roorkee,"Metallurgical and Materials Engineering (4 Years, Bachelor of Technology)",AI,OPEN,Female-only (including Supernumerary),15493,16021,2025
402,Indian Institute  of Technology Roorkee,"Physics (5 Years, Bachelor of Science and Master of Science (Dual Degree))",AI,OPEN,Gender-Neutral,4489,10171,2025
403,Indian Institute  of Technology Roorkee,"Physics (5 Years, Bachelor of Science and Master of Science (Dual Degree))",AI,OPEN,Female-only (including Supernumerary),18169,19251,2025
404,Indian Institute  of Technology Roorkee,"Production and Industrial Engineering (4 Years, Bachelor of Technology)",AI,OPEN,Gender-Neutral,4510,5820,2025
405,Indian Institute  of Technology Roorkee,"Production and Industrial Engineering (4 Years, Bachelor of Technology)",AI,OPEN,Female-only (including Supernumerary),9886,11014,2025
406,Indian Institute  of Technology (ISM) Dhanbad,"Applied Geology (5 Years, Integrated Master of Technology)",AI,OPEN,Gender-Neutral,16335,17892,2025
407,Indian Institute  of Technology (ISM) Dhanbad,"Applied Geology (5 Years, Integrated Master of Technology)",AI,OPEN,Female-only (including Supernumerary),24505,24505,2025
408,Indian Institute  of Technology (ISM) Dhanbad,"Applied Geophysics (5 Years, Integrated Master of Technology)",AI,OPEN,Gender-Neutral,16223,17507,2025
409,Indian Institute  of Technology (ISM) Dhanbad,"Applied Geophysics (5 Years, Integrated Master of Technology)",AI,OPEN,Female-only (including Supernumerary),25691,25691,2025
410,Indian Institute  of Technology (ISM) Dhanbad,"B.Tech Mining Engineering and MBA in Logistic and Supply Chain Management (IIM Mumbai) (5 Years, Integrated B. Tech. and MBA)",AI,OPEN,Gender-Neutral,11910,16770,2025
411,Indian Institute  of Technology (ISM) Dhanbad,"B.Tech Mining Engineering and MBA in Logistic and Supply Chain Management (IIM Mumbai) (5 Years, Integrated B. Tech. and MBA)",AI,OPEN,Female-only (including Supernumerary),22272,25310,2025
412,Indian Institute  of Technology (ISM) Dhanbad,"Chemical  Science (5 Years, Integrated Bachelor of Science-Master of Science)",AI,OPEN,Gender-Neutral,16394,18334,2025
413,Indian Institute  of Technology (ISM) Dhanbad,"Chemical  Science (5 Years, Integrated Bachelor of Science-Master of Science)",AI,OPEN,Female-only (including Supernumerary),25720,26168,2025
414,Indian Institute  of Technology (ISM) Dhanbad,"Chemical Engineering (4 Years, Bachelor of Technology)",AI,OPEN,Gender-Neutral,9636,11980,2025
415,Indian Institute  of Technology (ISM) Dhanbad,"Chemical Engineering (4 Years, Bachelor of Technology)",AI,OPEN,Female-only (including Supernumerary),18816,21062,2025
416,Indian Institute  of Technology (ISM) Dhanbad,"Civil Engineering (4 Years, Bachelor of Technology)",AI,OPEN,Gender-Neutral,10753,13778,2025
417,Indian Institute  of Technology (ISM) Dhanbad,"Civil Engineering (4 Years, Bachelor of Technology)",AI,OPEN,Female-only (including Supernumerary),21112,22563,2025
418,Indian Institute  of Technology (ISM) Dhanbad,"Computer Science and Engineering (4 Years, Bachelor of Technology)",AI,OPEN,Gender-Neutral,2143,3585,2025
419,Indian Institute  of Technology (ISM) Dhanbad,"Computer Science and Engineering (4 Years, Bachelor of Technology)",AI,OPEN,Female-only (including Supernumerary),5353,7866,2025
420,Indian Institute  of Technology (ISM) Dhanbad,"Electrical Engineering (4 Years, Bachelor of Technology)",AI,OPEN,Gender-Neutral,5842,7603,2025
421,Indian Institute  of Technology (ISM) Dhanbad,"Electrical Engineering (4 Years, Bachelor of Technology)",AI,OPEN,Female-only (including Supernumerary),9081,16336,2025
422,Indian Institute  of Technology (ISM) Dhanbad,"Electronics and Communication Engineering (4 Years, Bachelor of Technology)",AI,OPEN,Gender-Neutral,2795,5839,2025
423,Indian Institute  of Technology (ISM) Dhanbad,"Electronics and Communication Engineering (4 Years, Bachelor of Technology)",AI,OPEN,Female-only (including Supernumerary),6704,12997,2025
424,Indian Institute  of Technology (ISM) Dhanbad,"Engineering Physics (4 Years, Bachelor of Technology)",AI,OPEN,Gender-Neutral,8484,11711,2025
425,Indian Institute  of Technology (ISM) Dhanbad,"Engineering Physics (4 Years, Bachelor of Technology)",AI,OPEN,Female-only (including Supernumerary),19430,20761,2025
426,Indian Institute  of Technology (ISM) Dhanbad,"Environmental Engineering (4 Years, Bachelor of Technology)",AI,OPEN,Gender-Neutral,14372,16752,2025
427,Indian Institute  of Technology (ISM) Dhanbad,"Environmental Engineering (4 Years, Bachelor of Technology)",AI,OPEN,Female-only (including Supernumerary),20318,25347,2025
428,Indian Institute  of Technology (ISM) Dhanbad,"Mathematics and Computing (4 Years, Bachelor of Technology)",AI,OPEN,Gender-Neutral,2297,4335,2025
429,Indian Institute  of Technology (ISM) Dhanbad,"Mathematics and Computing (4 Years, Bachelor of Technology)",AI,OPEN,Female-only (including Supernumerary),8073,9672,2025
430,Indian Institute  of Technology (ISM) Dhanbad,"Mechanical Engineering (4 Years, Bachelor of Technology)",AI,OPEN,Gender-Neutral,7662,10273,2025
431,Indian Institute  of Technology (ISM) Dhanbad,"Mechanical Engineering (4 Years, Bachelor of Technology)",AI,OPEN,Female-only (including Supernumerary),16890,20567,2025
432,Indian Institute  of Technology (ISM) Dhanbad,"Mineral and Metallurgical Engineering (4 Years, Bachelor of Technology)",AI,OPEN,Gender-Neutral,11781,14875,2025
433,Indian Institute  of Technology (ISM) Dhanbad,"Mineral and Metallurgical Engineering (4 Years, Bachelor of Technology)",AI,OPEN,Female-only (including Supernumerary),21574,23662,2025
434,Indian Institute  of Technology (ISM) Dhanbad,"Mining Engineering  (4 Years, Bachelor of Technology)",AI,OPEN,Gender-Neutral,12833,15455,2025
435,Indian Institute  of Technology (ISM) Dhanbad,"Mining Engineering  (4 Years, Bachelor of Technology)",AI,OPEN,Female-only (including Supernumerary),23441,25110,2025
436,Indian Institute  of Technology (ISM) Dhanbad,"Mining Machinery Engineering (4 Years, Bachelor of Technology)",AI,OPEN,Gender-Neutral,12787,16579,2025
437,Indian Institute  of Technology (ISM) Dhanbad,"Mining Machinery Engineering (4 Years, Bachelor of Technology)",AI,OPEN,Female-only (including Supernumerary),24774,25237,2025
438,Indian Institute  of Technology (ISM) Dhanbad,"Petroleum Engineering (4 Years, Bachelor of Technology)",AI,OPEN,Gender-Neutral,9681,12709,2025
439,Indian Institute  of Technology (ISM) Dhanbad,"Petroleum Engineering (4 Years, Bachelor of Technology)",AI,OPEN,Female-only (including Supernumerary),20718,23063,2025
440,Indian Institute  of Technology (ISM) Dhanbad,"Physical Science (5 Years, Integrated Bachelor of Science-Master of Science)",AI,OPEN,Gender-Neutral,15891,18368,2025
441,Indian Institute  of Technology (ISM) Dhanbad,"Physical Science (5 Years, Integrated Bachelor of Science-Master of Science)",AI,OPEN,Female-only (including Supernumerary),25701,26143,2025
442,Indian Institute  of Technology Ropar,"Artificial Intelligence and Data Engineering (4 Years, Bachelor of Technology)",AI,OPEN,Gender-Neutral,2558,3500,2025
443,Indian Institute  of Technology Ropar,"Artificial Intelligence and Data Engineering (4 Years, Bachelor of Technology)",AI,OPEN,Female-only (including Supernumerary),5982,8247,2025
444,Indian Institute  of Technology Ropar,"Chemical Engineering (4 Years, Bachelor of Technology)",AI,OPEN,Gender-Neutral,8901,10655,2025
445,Indian Institute  of Technology Ropar,"Chemical Engineering (4 Years, Bachelor of Technology)",AI,OPEN,Female-only (including Supernumerary),18153,18788,2025
446,Indian Institute  of Technology Ropar,"Civil Engineering (4 Years, Bachelor of Technology)",AI,OPEN,Gender-Neutral,9142,12488,2025
447,Indian Institute  of Technology Ropar,"Civil Engineering (4 Years, Bachelor of Technology)",AI,OPEN,Female-only (including Supernumerary),20462,21733,2025
448,Indian Institute  of Technology Ropar,"Computer Science and Engineering (4 Years, Bachelor of Technology)",AI,OPEN,Gender-Neutral,1680,2512,2025
449,Indian Institute  of Technology Ropar,"Computer Science and Engineering (4 Years, Bachelor of Technology)",AI,OPEN,Female-only (including Supernumerary),3820,7118,2025
450,Indian Institute  of Technology Ropar,"Digital Agriculture (4 Years, Bachelor of Technology)",AI,OPEN,Gender-Neutral,11311,14480,2025
451,Indian Institute  of Technology Ropar,"Digital Agriculture (4 Years, Bachelor of Technology)",AI,OPEN,Female-only (including Supernumerary),21565,23540,2025
452,Indian Institute  of Technology Ropar,"Electrical Engineering (4 Years, Bachelor of Technology)",AI,OPEN,Gender-Neutral,3940,6311,2025
453,Indian Institute  of Technology Ropar,"Electrical Engineering (4 Years, Bachelor of Technology)",AI,OPEN,Female-only (including Supernumerary),10841,13817,2025
454,Indian Institute  of Technology Ropar,"Electrical Engineering (Integrated Circuit Design and Technology) (4 Years, Bachelor of Technology)",AI,OPEN,Gender-Neutral,4759,5527,2025
455,Indian Institute  of Technology Ropar,"Electrical Engineering (Integrated Circuit Design and Technology) (4 Years, Bachelor of Technology)",AI,OPEN,Female-only (including Supernumerary),9891,12525,2025
456,Indian Institute  of Technology Ropar,"Engineering Physics (4 Years, Bachelor of Technology)",AI,OPEN,Gender-Neutral,7857,9576,2025
457,Indian Institute  of Technology Ropar,"Engineering Physics (4 Years, Bachelor of Technology)",AI,OPEN,Female-only (including Supernumerary),18285,19091,2025
458,Indian Institute  of Technology Ropar,"Mathematics and Computing (4 Years, Bachelor of Technology)",AI,OPEN,Gender-Neutral,2122,3954,2025
459,Indian Institute  of Technology Ropar,"Mathematics and Computing (4 Years, Bachelor of Technology)",AI,OPEN,Female-only (including Supernumerary),7735,9670,2025
460,Indian Institute  of Technology Ropar,"Mechanical Engineering (4 Years, Bachelor of Technology)",AI,OPEN,Gender-Neutral,7135,9115,2025
461,Indian Institute  of Technology Ropar,"Mechanical Engineering (4 Years, Bachelor of Technology)",AI,OPEN,Female-only (including Supernumerary),14807,17810,2025
462,Indian Institute  of Technology Ropar,"Metallurgical and Materials Engineering (4 Years, Bachelor of Technology)",AI,OPEN,Gender-Neutral,10832,13777,2025
463,Indian Institute  of Technology Ropar,"Metallurgical and Materials Engineering (4 Years, Bachelor of Technology)",AI,OPEN,Female-only (including Supernumerary),21792,23034,2025
464,Indian Institute  of Technology (BHU) Varanasi,"Architecture  (5 Years, Bachelor of Architecture)",AI,OPEN,Gender-Neutral,18471,20792,2025
465,Indian Institute  of Technology (BHU) Varanasi,"Architecture  (5 Years, Bachelor of Architecture)",AI,OPEN,Female-only (including Supernumerary),26381,28481,2025
466,Indian Institute  of Technology (BHU) Varanasi,"Biochemical Engineering (4 Years, Bachelor of Technology)",AI,OPEN,Gender-Neutral,11390,13255,2025
467,Indian Institute  of Technology (BHU) Varanasi,"Biochemical Engineering (4 Years, Bachelor of Technology)",AI,OPEN,Female-only (including Supernumerary),20988,21087,2025
468,Indian Institute  of Technology (BHU) Varanasi,"Bioengineering (4 Years, Bachelor of Technology)",AI,OPEN,Gender-Neutral,11380,12759,2025
469,Indian Institute  of Technology (BHU) Varanasi,"Bioengineering (4 Years, Bachelor of Technology)",AI,OPEN,Female-only (including Supernumerary),15513,16058,2025
470,Indian Institute  of Technology (BHU) Varanasi,"Ceramic Engineering (4 Years, Bachelor of Technology)",AI,OPEN,Gender-Neutral,10901,13064,2025
471,Indian Institute  of Technology (BHU) Varanasi,"Ceramic Engineering (4 Years, Bachelor of Technology)",AI,OPEN,Female-only (including Supernumerary),20457,22766,2025
472,Indian Institute  of Technology (BHU) Varanasi,"Chemical Engineering (4 Years, Bachelor of Technology)",AI,OPEN,Gender-Neutral,6239,8381,2025
473,Indian Institute  of Technology (BHU) Varanasi,"Chemical Engineering (4 Years, Bachelor of Technology)",AI,OPEN,Female-only (including Supernumerary),12041,16660,2025
474,Indian Institute  of Technology (BHU) Varanasi,"Civil Engineering (4 Years, Bachelor of Technology)",AI,OPEN,Gender-Neutral,7606,10278,2025
475,Indian Institute  of Technology (BHU) Varanasi,"Civil Engineering (4 Years, Bachelor of Technology)",AI,OPEN,Female-only (including Supernumerary),16913,19519,2025
476,Indian Institute  of Technology (BHU) Varanasi,"Computer Science and Engineering (4 Years, Bachelor of Technology)",AI,OPEN,Gender-Neutral,747,1489,2025
477,Indian Institute  of Technology (BHU) Varanasi,"Computer Science and Engineering (4 Years, Bachelor of Technology)",AI,OPEN,Female-only (including Supernumerary),2832,3784,2025
478,Indian Institute  of Technology (BHU) Varanasi,"Electrical Engineering (4 Years, Bachelor of Technology)",AI,OPEN,Gender-Neutral,2343,3537,2025
479,Indian Institute  of Technology (BHU) Varanasi,"Electrical Engineering (4 Years, Bachelor of Technology)",AI,OPEN,Female-only (including Supernumerary),6062,8129,2025
480,Indian Institute  of Technology (BHU) Varanasi,"Electronics Engineering (4 Years, Bachelor of Technology)",AI,OPEN,Gender-Neutral,1956,2635,2025
481,Indian Institute  of Technology (BHU) Varanasi,"Electronics Engineering (4 Years, Bachelor of Technology)",AI,OPEN,Female-only (including Supernumerary),5798,6498,2025
482,Indian Institute  of Technology (BHU) Varanasi,"Engineering Physics (4 Years, Bachelor of Technology)",AI,OPEN,Gender-Neutral,5457,8441,2025
483,Indian Institute  of Technology (BHU) Varanasi,"Engineering Physics (4 Years, Bachelor of Technology)",AI,OPEN,Female-only (including Supernumerary),15137,16930,2025
484,Indian Institute  of Technology (BHU) Varanasi,"Industrial Chemistry (4 Years, Bachelor of Technology)",AI,OPEN,Gender-Neutral,9815,12721,2025
485,Indian Institute  of Technology (BHU) Varanasi,"Industrial Chemistry (4 Years, Bachelor of Technology)",AI,OPEN,Female-only (including Supernumerary),20141,21701,2025
486,Indian Institute  of Technology (BHU) Varanasi,"Materials Science and Technology (4 Years, Bachelor of Technology)",AI,OPEN,Gender-Neutral,7517,10851,2025
487,Indian Institute  of Technology (BHU) Varanasi,"Materials Science and Technology (4 Years, Bachelor of Technology)",AI,OPEN,Female-only (including Supernumerary),17744,17911,2025
488,Indian Institute  of Technology (BHU) Varanasi,"Mathematics and Computing (4 Years, Bachelor of Technology)",AI,OPEN,Gender-Neutral,1481,1924,2025
489,Indian Institute  of Technology (BHU) Varanasi,"Mathematics and Computing (4 Years, Bachelor of Technology)",AI,OPEN,Female-only (including Supernumerary),4466,5444,2025
490,Indian Institute  of Technology (BHU) Varanasi,"Mechanical Engineering (4 Years, Bachelor of Technology)",AI,OPEN,Gender-Neutral,4787,7286,2025
491,Indian Institute  of Technology (BHU) Varanasi,"Mechanical Engineering (4 Years, Bachelor of Technology)",AI,OPEN,Female-only (including Supernumerary),14049,16650,2025
492,Indian Institute  of Technology (BHU) Varanasi,"Metallurgical Engineering (4 Years, Bachelor of Technology)",AI,OPEN,Gender-Neutral,8214,11398,2025
493,Indian Institute  of Technology (BHU) Varanasi,"Metallurgical Engineering (4 Years, Bachelor of Technology)",AI,OPEN,Female-only (including Supernumerary),16852,20035,2025
494,Indian Institute  of Technology (BHU) Varanasi,"Mining Engineering  (4 Years, Bachelor of Technology)",AI,OPEN,Gender-Neutral,11434,14243,2025
495,Indian Institute  of Technology (BHU) Varanasi,"Mining Engineering  (4 Years, Bachelor of Technology)",AI,OPEN,Female-only (including Supernumerary),19228,24539,2025
496,Indian Institute  of Technology (BHU) Varanasi,"Pharmaceutical Engineering & Technology (4 Years, Bachelor of Technology)",AI,OPEN,Gender-Neutral,11585,14447,2025
497,Indian Institute  of Technology (BHU) Varanasi,"Pharmaceutical Engineering & Technology (4 Years, Bachelor of Technology)",AI,OPEN,Female-only (including Supernumerary),21754,24662,2025
498,Indian Institute  of Technology Guwahati,"Biosciences and Bioengineering (4 Years, Bachelor of Technology)",AI,OPEN,Gender-Neutral,6303,10727,2025
499,Indian Institute  of Technology Guwahati,"Biosciences and Bioengineering (4 Years, Bachelor of Technology)",AI,OPEN,Female-only (including Supernumerary),15421,15919,2025
500,Indian Institute  of Technology Guwahati,"Chemical Engineering (4 Years, Bachelor of Technology)",AI,OPEN,Gender-Neutral,4289,6053,2025
501,Indian Institute  of Technology Guwahati,"Chemical Engineering (4 Years, Bachelor of Technology)",AI,OPEN,Female-only (including Supernumerary),10815,12587,2025
502,Indian Institute  of Technology Guwahati,"Chemical Science and Technology (4 Years, Bachelor of Technology)",AI,OPEN,Gender-Neutral,6432,7958,2025
503,Indian Institute  of Technology Guwahati,"Chemical Science and Technology (4 Years, Bachelor of Technology)",AI,OPEN,Female-only (including Supernumerary),13063,15815,2025
504,Indian Institute  of Technology Guwahati,"Civil Engineering (4 Years, Bachelor of Technology)",AI,OPEN,Gender-Neutral,7268,9021,2025
505,Indian Institute  of Technology Guwahati,"Civil Engineering (4 Years, Bachelor of Technology)",AI,OPEN,Female-only (including Supernumerary),13434,16742,2025
506,Indian Institute  of Technology Guwahati,"Computer Science and Engineering (4 Years, Bachelor of Technology)",AI,OPEN,Gender-Neutral,504,792,2025
507,Indian Institute  of Technology Guwahati,"Computer Science and Engineering (4 Years, Bachelor of Technology)",AI,OPEN,Female-only (including Supernumerary),2210,2694,2025
508,Indian Institute  of Technology Guwahati,"Data Science and Artificial Intelligence (4 Years, Bachelor of Technology)",AI,OPEN,Gender-Neutral,873,1078,2025
509,Indian Institute  of Technology Guwahati,"Data Science and Artificial Intelligence (4 Years, Bachelor of Technology)",AI,OPEN,Female-only (including Supernumerary),2877,3235,2025
510,Indian Institute  of Technology Guwahati,"Electronics and Communication Engineering (4 Years, Bachelor of Technology)",AI,OPEN,Gender-Neutral,1497,1829,2025
511,Indian Institute  of Technology Guwahati,"Electronics and Communication Engineering (4 Years, Bachelor of Technology)",AI,OPEN,Female-only (including Supernumerary),4863,5298,2025
512,Indian Institute  of Technology Guwahati,"Electronics and Electrical Engineering (4 Years, Bachelor of Technology)",AI,OPEN,Gender-Neutral,1934,2195,2025
513,Indian Institute  of Technology Guwahati,"Electronics and Electrical Engineering (4 Years, Bachelor of Technology)",AI,OPEN,Female-only (including Supernumerary),5381,6224,2025
514,Indian Institute  of Technology Guwahati,"Energy Engineering (4 Years, Bachelor of Technology)",AI,OPEN,Gender-Neutral,5870,6610,2025
515,Indian Institute  of Technology Guwahati,"Energy Engineering (4 Years, Bachelor of Technology)",AI,OPEN,Female-only (including Supernumerary),11994,13282,2025
516,Indian Institute  of Technology Guwahati,"Engineering Physics (4 Years, Bachelor of Technology)",AI,OPEN,Gender-Neutral,4635,7117,2025
517,Indian Institute  of Technology Guwahati,"Engineering Physics (4 Years, Bachelor of Technology)",AI,OPEN,Female-only (including Supernumerary),11828,13774,2025
518,Indian Institute  of Technology Guwahati,"Mathematics and Computing (4 Years, Bachelor of Technology)",AI,OPEN,Gender-Neutral,899,1276,2025
519,Indian Institute  of Technology Guwahati,"Mathematics and Computing (4 Years, Bachelor of Technology)",AI,OPEN,Female-only (including Supernumerary),2755,3849,2025
520,Indian Institute  of Technology Guwahati,"Mechanical Engineering (4 Years, Bachelor of Technology)",AI,OPEN,Gender-Neutral,3984,4892,2025
521,Indian Institute  of Technology Guwahati,"Mechanical Engineering (4 Years, Bachelor of Technology)",AI,OPEN,Female-only (including Supernumerary),8789,12699,2025
522,Indian Institute of Technology Bhilai,"Computer Science and Engineering (4 Years, Bachelor of Technology)",AI,OPEN,Gender-Neutral,4462,7382,2025
523,Indian Institute of Technology Bhilai,"Computer Science and Engineering (4 Years, Bachelor of Technology)",AI,OPEN,Female-only (including Supernumerary),10332,12896,2025
524,Indian Institute of Technology Bhilai,"Data Science and Artificial Intelligence (4 Years, Bachelor of Technology)",AI,OPEN,Gender-Neutral,7001,7934,2025
525,Indian Institute of Technology Bhilai,"Data Science and Artificial Intelligence (4 Years, Bachelor of Technology)",AI,OPEN,Female-only (including Supernumerary),8600,13039,2025
526,Indian Institute of Technology Bhilai,"Electrical Engineering (4 Years, Bachelor of Technology)",AI,OPEN,Gender-Neutral,9645,11592,2025
527,Indian Institute of Technology Bhilai,"Electrical Engineering (4 Years, Bachelor of Technology)",AI,OPEN,Female-only (including Supernumerary),17806,20173,2025
528,Indian Institute of Technology Bhilai,"Electronics and Communication Engineering (4 Years, Bachelor of Technology)",AI,OPEN,Gender-Neutral,7464,9668,2025
529,Indian Institute of Technology Bhilai,"Electronics and Communication Engineering (4 Years, Bachelor of Technology)",AI,OPEN,Female-only (including Supernumerary),14098,16191,2025
530,Indian Institute of Technology Bhilai,"Materials Science and Metallurgical Engineering (4 Years, Bachelor of Technology)",AI,OPEN,Gender-Neutral,14920,17478,2025
531,Indian Institute of Technology Bhilai,"Materials Science and Metallurgical Engineering (4 Years, Bachelor of Technology)",AI,OPEN,Female-only (including Supernumerary),25818,25868,2025
532,Indian Institute of Technology Bhilai,"Mechanical Engineering (4 Years, Bachelor of Technology)",AI,OPEN,Gender-Neutral,11516,14788,2025
533,Indian Institute of Technology Bhilai,"Mechanical Engineering (4 Years, Bachelor of Technology)",AI,OPEN,Female-only (including Supernumerary),21141,23230,2025
534,Indian Institute of Technology Bhilai,"Mechatronics Engineering (4 Years, Bachelor of Technology)",AI,OPEN,Gender-Neutral,10662,12254,2025
535,Indian Institute of Technology Bhilai,"Mechatronics Engineering (4 Years, Bachelor of Technology)",AI,OPEN,Female-only (including Supernumerary),20224,21456,2025
536,Indian Institute of Technology Goa,"Computer Science and Engineering (4 Years, Bachelor of Technology)",AI,OPEN,Gender-Neutral,4256,6242,2025
537,Indian Institute of Technology Goa,"Computer Science and Engineering (4 Years, Bachelor of Technology)",AI,OPEN,Female-only (including Supernumerary),11372,12211,2025
538,Indian Institute of Technology Goa,"Electrical Engineering (4 Years, Bachelor of Technology)",AI,OPEN,Gender-Neutral,8410,10095,2025
539,Indian Institute of Technology Goa,"Electrical Engineering (4 Years, Bachelor of Technology)",AI,OPEN,Female-only (including Supernumerary),16260,20274,2025
540,Indian Institute of Technology Goa,"Mathematics and Computing (4 Years, Bachelor of Technology)",AI,OPEN,Gender-Neutral,5436,7932,2025
541,Indian Institute of Technology Goa,"Mathematics and Computing (4 Years, Bachelor of Technology)",AI,OPEN,Female-only (including Supernumerary),12652,14787,2025
542,Indian Institute of Technology Goa,"Mechanical Engineering (4 Years, Bachelor of Technology)",AI,OPEN,Gender-Neutral,9914,13451,2025
543,Indian Institute of Technology Goa,"Mechanical Engineering (4 Years, Bachelor of Technology)",AI,OPEN,Female-only (including Supernumerary),20436,21845,2025
544,Indian Institute  of Technology Palakkad,"Civil Engineering (4 Years, Bachelor of Technology)",AI,OPEN,Gender-Neutral,14109,16753,2025
545,Indian Institute  of Technology Palakkad,"Civil Engineering (4 Years, Bachelor of Technology)",AI,OPEN,Female-only (including Supernumerary),21748,26004,2025
546,Indian Institute  of Technology Palakkad,"Computer Science and Engineering (4 Years, Bachelor of Technology)",AI,OPEN,Gender-Neutral,4530,6454,2025
547,Indian Institute  of Technology Palakkad,"Computer Science and Engineering (4 Years, Bachelor of Technology)",AI,OPEN,Female-only (including Supernumerary),6843,8965,2025
548,Indian Institute  of Technology Palakkad,"Data Science and Engineering (4 Years, Bachelor of Technology)",AI,OPEN,Gender-Neutral,6845,8640,2025
549,Indian Institute  of Technology Palakkad,"Data Science and Engineering (4 Years, Bachelor of Technology)",AI,OPEN,Female-only (including Supernumerary),10280,12097,2025
550,Indian Institute  of Technology Palakkad,"Electrical Engineering (4 Years, Bachelor of Technology)",AI,OPEN,Gender-Neutral,8020,10396,2025
551,Indian Institute  of Technology Palakkad,"Electrical Engineering (4 Years, Bachelor of Technology)",AI,OPEN,Female-only (including Supernumerary),12743,18585,2025
552,Indian Institute  of Technology Palakkad,"Mechanical Engineering (4 Years, Bachelor of Technology)",AI,OPEN,Gender-Neutral,8596,12606,2025
553,Indian Institute  of Technology Palakkad,"Mechanical Engineering (4 Years, Bachelor of Technology)",AI,OPEN,Female-only (including Supernumerary),14960,21192,2025
554,Indian Institute  of Technology Tirupati,"Chemical Engineering (4 Years, Bachelor of Technology)",AI,OPEN,Gender-Neutral,12799,15636,2025
555,Indian Institute  of Technology Tirupati,"Chemical Engineering (4 Years, Bachelor of Technology)",AI,OPEN,Female-only (including Supernumerary),17851,21967,2025
556,Indian Institute  of Technology Tirupati,"Civil Engineering (4 Years, Bachelor of Technology)",AI,OPEN,Gender-Neutral,8956,16548,2025
557,Indian Institute  of Technology Tirupati,"Civil Engineering (4 Years, Bachelor of Technology)",AI,OPEN,Female-only (including Supernumerary),20635,24725,2025
558,Indian Institute  of Technology Tirupati,"Computer Science and Engineering (4 Years, Bachelor of Technology)",AI,OPEN,Gender-Neutral,1916,5034,2025
559,Indian Institute  of Technology Tirupati,"Computer Science and Engineering (4 Years, Bachelor of Technology)",AI,OPEN,Female-only (including Supernumerary),5686,8459,2025
560,Indian Institute  of Technology Tirupati,"Electrical Engineering (4 Years, Bachelor of Technology)",AI,OPEN,Gender-Neutral,5098,9468,2025
561,Indian Institute  of Technology Tirupati,"Electrical Engineering (4 Years, Bachelor of Technology)",AI,OPEN,Female-only (including Supernumerary),13602,15060,2025
562,Indian Institute  of Technology Tirupati,"Engineering Physics (4 Years, Bachelor of Technology)",AI,OPEN,Gender-Neutral,10165,12915,2025
563,Indian Institute  of Technology Tirupati,"Engineering Physics (4 Years, Bachelor of Technology)",AI,OPEN,Female-only (including Supernumerary),16299,16299,2025
564,Indian Institute  of Technology Tirupati,"Mechanical Engineering (4 Years, Bachelor of Technology)",AI,OPEN,Gender-Neutral,9551,12143,2025
565,Indian Institute  of Technology Tirupati,"Mechanical Engineering (4 Years, Bachelor of Technology)",AI,OPEN,Female-only (including Supernumerary),16542,20391,2025
566,Indian Institute of Technology Jammu,"Chemical Engineering (4 Years, Bachelor of Technology)",AI,OPEN,Gender-Neutral,13386,16284,2025
567,Indian Institute of Technology Jammu,"Chemical Engineering (4 Years, Bachelor of Technology)",AI,OPEN,Female-only (including Supernumerary),22711,24291,2025
568,Indian Institute of Technology Jammu,"Civil Engineering (4 Years, Bachelor of Technology)",AI,OPEN,Gender-Neutral,15448,17263,2025
569,Indian Institute of Technology Jammu,"Civil Engineering (4 Years, Bachelor of Technology)",AI,OPEN,Female-only (including Supernumerary),25908,26767,2025
570,Indian Institute of Technology Jammu,"Computer Science and Engineering (4 Years, Bachelor of Technology)",AI,OPEN,Gender-Neutral,4704,6651,2025
571,Indian Institute of Technology Jammu,"Computer Science and Engineering (4 Years, Bachelor of Technology)",AI,OPEN,Female-only (including Supernumerary),9950,11104,2025
572,Indian Institute of Technology Jammu,"Electrical Engineering (4 Years, Bachelor of Technology)",AI,OPEN,Gender-Neutral,9759,11399,2025
573,Indian Institute of Technology Jammu,"Electrical Engineering (4 Years, Bachelor of Technology)",AI,OPEN,Female-only (including Supernumerary),16793,19155,2025
574,Indian Institute of Technology Jammu,"Engineering Physics (4 Years, Bachelor of Technology)",AI,OPEN,Gender-Neutral,13029,15917,2025
575,Indian Institute of Technology Jammu,"Engineering Physics (4 Years, Bachelor of Technology)",AI,OPEN,Female-only (including Supernumerary),23652,24772,2025
576,Indian Institute of Technology Jammu,"Materials Engineering (4 Years, Bachelor of Technology)",AI,OPEN,Gender-Neutral,16833,18156,2025
577,Indian Institute of Technology Jammu,"Materials Engineering (4 Years, Bachelor of Technology)",AI,OPEN,Female-only (including Supernumerary),26085,26645,2025
578,Indian Institute of Technology Jammu,"Mathematics and Computing (4 Years, Bachelor of Technology)",AI,OPEN,Gender-Neutral,7000,8559,2025
579,Indian Institute of Technology Jammu,"Mathematics and Computing (4 Years, Bachelor of Technology)",AI,OPEN,Female-only (including Supernumerary),13000,16599,2025
580,Indian Institute of Technology Jammu,"Mechanical Engineering (4 Years, Bachelor of Technology)",AI,OPEN,Gender-Neutral,11301,14453,2025
581,Indian Institute of Technology Jammu,"Mechanical Engineering (4 Years, Bachelor of Technology)",AI,OPEN,Female-only (including Supernumerary),19472,23611,2025
582,Indian Institute of Technology Dharwad,"Chemical and Biochemical Engineering (4 Years, Bachelor of Technology)",AI,OPEN,Gender-Neutral,14722,16680,2025
583,Indian Institute of Technology Dharwad,"Chemical and Biochemical Engineering (4 Years, Bachelor of Technology)",AI,OPEN,Female-only (including Supernumerary),25164,25533,2025
584,Indian Institute of Technology Dharwad,"Civil and Infrastructure Engineering (4 Years, Bachelor of Technology)",AI,OPEN,Gender-Neutral,16126,17472,2025
585,Indian Institute of Technology Dharwad,"Civil and Infrastructure Engineering (4 Years, Bachelor of Technology)",AI,OPEN,Female-only (including Supernumerary),24028,25304,2025
586,Indian Institute of Technology Dharwad,"Computer Science and Engineering (4 Years, Bachelor of Technology)",AI,OPEN,Gender-Neutral,4742,7208,2025
587,Indian Institute of Technology Dharwad,"Computer Science and Engineering (4 Years, Bachelor of Technology)",AI,OPEN,Female-only (including Supernumerary),8455,10860,2025
588,Indian Institute of Technology Dharwad,"Electrical and Electronics Engineering (4 Years, Bachelor of Technology)",AI,OPEN,Gender-Neutral,9720,11051,2025
589,Indian Institute of Technology Dharwad,"Electrical and Electronics Engineering (4 Years, Bachelor of Technology)",AI,OPEN,Female-only (including Supernumerary),13284,16098,2025
590,Indian Institute of Technology Dharwad,"Electronics and Communication Engineering (4 Years, Bachelor of Technology)",AI,OPEN,Gender-Neutral,7720,9476,2025
591,Indian Institute of Technology Dharwad,"Electronics and Communication Engineering (4 Years, Bachelor of Technology)",AI,OPEN,Female-only (including Supernumerary),12798,15997,2025
592,Indian Institute of Technology Dharwad,"Engineering Physics (4 Years, Bachelor of Technology)",AI,OPEN,Gender-Neutral,13180,15353,2025
593,Indian Institute of Technology Dharwad,"Engineering Physics (4 Years, Bachelor of Technology)",AI,OPEN,Female-only (including Supernumerary),21963,22094,2025
594,Indian Institute of Technology Dharwad,"Interdisciplinary Sciences (5 Years, Bachelor of Science and Master of Science (Dual Degree))",AI,OPEN,Gender-Neutral,16198,18979,2025
595,Indian Institute of Technology Dharwad,"Interdisciplinary Sciences (5 Years, Bachelor of Science and Master of Science (Dual Degree))",AI,OPEN,Female-only (including Supernumerary),23364,26886,2025
596,Indian Institute of Technology Dharwad,"Mathematics and Computing (4 Years, Bachelor of Technology)",AI,OPEN,Gender-Neutral,7381,8222,2025
597,Indian Institute of Technology Dharwad,"Mathematics and Computing (4 Years, Bachelor of Technology)",AI,OPEN,Female-only (including Supernumerary),12015,12405,2025
598,Indian Institute of Technology Dharwad,"Mechanical Engineering (4 Years, Bachelor of Technology)",AI,OPEN,Gender-Neutral,11721,14852,2025
599,Indian Institute of Technology Dharwad,"Mechanical Engineering (4 Years, Bachelor of Technology)",AI,OPEN,Female-only (including Supernumerary),16959,22350,2025
